-- phpMyAdmin SQL Dump
-- version 5.2.1
-- https://www.phpmyadmin.net/
--
-- Host: localhost:3306
-- Generation Time: Dec 11, 2025 at 08:44 PM
-- Server version: 8.0.30
-- PHP Version: 8.1.10

SET SQL_MODE = "NO_AUTO_VALUE_ON_ZERO";
START TRANSACTION;
SET time_zone = "+00:00";


/*!40101 SET @OLD_CHARACTER_SET_CLIENT=@@CHARACTER_SET_CLIENT */;
/*!40101 SET @OLD_CHARACTER_SET_RESULTS=@@CHARACTER_SET_RESULTS */;
/*!40101 SET @OLD_COLLATION_CONNECTION=@@COLLATION_CONNECTION */;
/*!40101 SET NAMES utf8mb4 */;

--
-- Database: `administrador_sat`
--
CREATE DATABASE IF NOT EXISTS `administrador_sat`;
USE `administrador_sat`;

-- --------------------------------------------------------

--
-- Table structure for table `areas`
--

CREATE TABLE IF NOT EXISTS `areas` (
  `id_area` int NOT NULL AUTO_INCREMENT,
  `nombre_area` varchar(100) NOT NULL,
  PRIMARY KEY (`id_area`)
) ENGINE=InnoDB AUTO_INCREMENT=5;

--
-- Dumping data for table `areas`
--

INSERT INTO `areas` (`id_area`, `nombre_area`) VALUES
(1, 'Auditoria Fiscal Federal'),
(2, 'Juridica'),
(3, 'Recaudacion'),
(4, 'Servicio al contribuyente');

-- --------------------------------------------------------

--
-- Table structure for table `colaboradores`
--

CREATE TABLE IF NOT EXISTS `colaboradores` (
  `id_colaborador` int NOT NULL AUTO_INCREMENT,
  `nombre` varchar(100) NOT NULL,
  `apellidos` varchar(100) NOT NULL,
  `rfc` varchar(20) NOT NULL,
  `rfc_corto` varchar(20) NOT NULL,
  `usuario` varchar(50) NOT NULL,
  `pass` text NOT NULL,
  `area` int DEFAULT NULL,
  `administrador` int DEFAULT NULL,
  `correo` varchar(200) DEFAULT NULL,
  PRIMARY KEY (`id_colaborador`),
  KEY `areas_area_colaboradores` (`area`)
) ENGINE=InnoDB AUTO_INCREMENT=8;

--
-- Dumping data for table `colaboradores`
--

INSERT INTO `colaboradores` (`id_colaborador`, `nombre`, `apellidos`, `rfc`, `rfc_corto`, `usuario`, `pass`, `area`, `administrador`, `correo`) VALUES
(2, 'Misael', 'Juarez Aguilar', 'JUAM010420E79', 'JUAM010420', 'misael', '$2y$10$r2bKq4ywuEKu4U.TD.lPveYlHcipydfHeBcwrTdm22vaNVIqfgjsi', 2, 1, 'juarezaguilarmisael74@gmail.com'),
(3, 'Luis', 'Torres Puebla', '12345', '123', 'luis', '$2y$10$L8eqKQXKyCobHqltzt34f.UzqerdJ1cOla3TdpLRHmfGVtZbKtQ5G', 3, 1, NULL),
(4, 'Karla', 'Guzman Gomez', '1234567', '12345', 'karla', '$2y$10$4bfAzr0mIB8VVn1P/KkI.uxfANKrbtf2XTef28aPaSAG5BdnSsyIS', 4, 1, NULL),
(6, 'Jose Luis', 'Hernandez Garcez', '1234567', '12345', 'jose', '$2y$10$9UCWLOs/EtGDLWKCc0hqAea91DMzD/T95kMQorpmQ0OWRLbQ2eCni', 1, 1, NULL);

-- --------------------------------------------------------

--
-- Table structure for table `departamentos`
--

CREATE TABLE IF NOT EXISTS `departamentos` (
  `id_departamento` int NOT NULL AUTO_INCREMENT,
  `nombre_departamento` varchar(100) NOT NULL,
  `area` int NOT NULL,
  PRIMARY KEY (`id_departamento`),
  KEY `areas_area_departamentos` (`area`)
) ENGINE=InnoDB AUTO_INCREMENT=39;

--
-- Dumping data for table `departamentos`
--

INSERT INTO `departamentos` (`id_departamento`, `nombre_departamento`, `area`) VALUES
(1, 'contensioso 1', 2),
(2, 'contensioso 2', 2),
(3, 'contensioso 3', 2),
(4, 'contensioso 4', 2),
(5, 'Local juridica', 2),
(6, 'Amparos y penales', 2),
(7, 'Archivo', 2),
(8, 'Resoluciones 2', 2),
(9, 'Oficialia de partes', 2),
(10, 'Pagos', 2),
(11, 'Capital humano 4', 2),
(12, 'Presencia', 2),
(13, 'Inventarios', 2),
(14, 'Sindicato SAID', 2),
(15, 'Sindicato Grande', 2),
(16, 'Mantenimiento', 2),
(17, 'Seguridad', 2),
(18, 'Capital humano 3', 2),
(19, 'Devoluciones', 1),
(20, 'Prodedimiento legales', 1),
(21, 'Programacion', 1),
(22, 'Gabinete', 1),
(23, 'Vistas Domiciliarias \"A\"', 1),
(24, 'Vistas Domiciliarias \"B\"', 1),
(25, 'Carec', 4),
(26, 'Casosac', 4),
(27, 'Telefonos', 4),
(28, 'Chat', 4),
(29, 'Contribuyentes', 4),
(30, 'Back Oficce', 3),
(31, 'Oficialia', 3),
(32, 'Recaudacion, Area 1', 3),
(33, 'Recaudacion, Area 2', 3),
(34, 'Recaudacion, Area 3', 3),
(35, 'Recaudacion, Area 4', 3),
(36, 'Recaudacion, Area 5', 3),
(37, 'Recaudacion, Area 6', 3),
(38, 'Recaudacion, Area 7', 3);

-- --------------------------------------------------------

--
-- Table structure for table `impresoras`
--

CREATE TABLE IF NOT EXISTS `impresoras` (
  `id_impresora` int NOT NULL AUTO_INCREMENT,
  `marca` varchar(100) NOT NULL,
  `modelo` varchar(100) NOT NULL,
  `n_serie` varchar(100) NOT NULL,
  `ip_impresora` int DEFAULT NULL,
  `area` int DEFAULT NULL,
  `departamento` int DEFAULT NULL,
  `nodo` varchar(100) DEFAULT NULL,
  PRIMARY KEY (`id_impresora`),
  KEY `ips_ip_impresora_impresoras` (`ip_impresora`),
  KEY `areas_area_impresoras` (`area`),
  KEY `departamentos_departamento_impresoras` (`departamento`)
) ENGINE=InnoDB AUTO_INCREMENT=4;

--
-- Dumping data for table `impresoras`
--

INSERT INTO `impresoras` (`id_impresora`, `marca`, `modelo`, `n_serie`, `ip_impresora`, `area`, `departamento`, `nodo`) VALUES
(1, 'Lexmark', 'MX826ade', '746595102131F', 361, 2, 1, 'D274'),
(2, 'Lexmark', 'MX826ade', '74659500212RB', 362, 2, 2, 'D146'),
(3, 'Lexmark', 'MX826ade', '746502902191X', 367, 2, 3, 'D269');

-- --------------------------------------------------------

--
-- Table structure for table `ips`
--

CREATE TABLE IF NOT EXISTS `ips` (
  `id_ip` int NOT NULL AUTO_INCREMENT,
  `ip` varchar(50) NOT NULL,
  `disponible` int NOT NULL,
  PRIMARY KEY (`id_ip`)
) ENGINE=InnoDB AUTO_INCREMENT=369;

--
-- Dumping data for table `ips`
--

INSERT INTO `ips` (`id_ip`, `ip`, `disponible`) VALUES
(1, '99.85.16.119', 2),
(2, '99.85.17.136', 2),
(3, '99.85.16.232', 2),
(4, '99.85.16.155', 2),
(5, '99.85.16.202', 2),
(6, '99.85.18.28', 2),
(7, '99.85.16.2', 2),
(8, '99.85.17.100', 2),
(9, '99.85.16.100', 2),
(10, '99.85.16.237', 2),
(11, '99.85.16.176', 2),
(12, '99.85.16.125', 2),
(13, '99.85.24.153', 2),
(14, '99.85.24.163', 2),
(15, '99.85.28.154', 2),
(16, '99.85.28.4', 2),
(17, '99.85.24.148', 2),
(18, '99.85.24.200', 2),
(19, '99.85.25.196', 2),
(20, '99.85.24.29', 2),
(21, '99.85.16.195', 2),
(22, '99.85.25.50', 2),
(23, '99.85.24.24', 2),
(24, '99.85.25.105', 2),
(25, '99.85.26.178', 2),
(26, '99.85.25.33', 2),
(27, '99.85.24.88', 2),
(28, '99.85.25.122', 2),
(29, '99.85.24.169', 2),
(30, '99.85.25.237', 2),
(31, '99.85.24.137', 2),
(32, '99.85.17.110', 2),
(33, '99.85.27.145', 2),
(34, '99.85.24.165', 2),
(35, '99.85.24.76', 2),
(36, '99.85.24.154', 2),
(37, '99.85.27.22', 2),
(38, '99.85.24.128', 2),
(39, '99.85.25.54', 2),
(40, '99.85.25.159', 2),
(41, '99.85.25.13', 2),
(42, '99.85.24.132', 2),
(43, '99.85.24.3', 2),
(44, '99.85.17.230', 2),
(45, '99.85.25.48', 2),
(46, '99.85.24.84', 2),
(47, '99.85.25.90', 2),
(48, '99.85.24.213', 2),
(49, '99.85.24.80', 2),
(50, '99.85.24.81', 2),
(51, '99.85.24.166', 2),
(52, '99.85.24.234', 2),
(53, '99.85.24.141', 2),
(54, '99.85.26.188', 2),
(55, '99.85.24.28', 2),
(56, '99.85.25.96', 2),
(57, '99.85.25.32', 2),
(58, '99.85.24.149', 2),
(59, '99.85.25.16', 2),
(60, '99.85.24.171', 2),
(61, '99.85.24.71', 2),
(62, '99.85.24.13', 2),
(63, '99.85.24.134', 2),
(64, '99.85.24.55', 2),
(65, '99.85.29.221', 2),
(66, '99.85.24.143', 2),
(67, '99.85.24.131', 2),
(68, '99.85.24.94', 2),
(69, '99.85.25.118', 2),
(70, '99.85.24.133', 2),
(71, '99.85.24.53', 2),
(72, '99.85.24.140', 2),
(73, '99.85.18.223', 2),
(74, '99.85.17.55', 2),
(75, '99.85.18.119', 2),
(76, '99.85.17.204', 2),
(77, '99.85.17.234', 2),
(78, '99.85.17.159', 2),
(79, '99.85.17.218', 2),
(80, '99.85.16.49', 2),
(81, '99.85.17.150', 2),
(82, '99.85.17.57', 2),
(83, '99.85.16.72', 2),
(84, '99.85.17.173', 2),
(85, '99.85.17.155', 2),
(86, '99.85.16.74', 2),
(87, '99.85.16.16', 2),
(88, '99.85.17.60', 2),
(89, '99.85.16.99', 2),
(90, '99.85.16.14', 2),
(91, '99.85.18.71', 2),
(92, '99.85.17.64', 2),
(93, '99.85.17.96', 2),
(94, '99.85.16.106', 2),
(95, '99.85.17.215', 2),
(96, '99.85.16.105', 2),
(97, '99.85.17.118', 2),
(98, '99.85.17.66', 2),
(99, '99.85.16.66', 2),
(100, '99.85.17.2', 2),
(101, '99.85.18.74', 2),
(102, '99.85.17.188', 2),
(103, '99.85.16.244', 2),
(104, '99.85.17.165', 2),
(105, '99.85.16.146', 2),
(106, '99.85.17.209', 2),
(107, '99.85.17.183', 2),
(108, '99.85.16.229', 2),
(109, '99.85.16.41', 2),
(110, '99.85.17.199', 2),
(111, '99.85.16.31', 2),
(112, '99.85.17.3', 2),
(113, '99.85.17.30', 2),
(114, '99.85.17.142', 2),
(115, '99.85.16.75', 2),
(116, '99.85.16.204', 2),
(117, '99.85.16.80', 2),
(118, '99.85.17.18', 2),
(119, '99.85.16.98', 2),
(120, '99.85.17.107', 2),
(121, '99.85.16.30', 2),
(122, '99.85.17.175', 2),
(123, '99.85.16.65', 2),
(124, '99.85.16.48', 2),
(125, '99.85.16.210', 2),
(126, '99.85.16.186', 2),
(127, '99.85.16.165', 2),
(128, '99.85.18.235', 2),
(129, '99.85.16.141', 2),
(130, '99.85.16.205', 2),
(131, '99.85.16.230', 2),
(132, '99.85.26.58', 2),
(133, '99.85.16.91', 2),
(134, '99.85.16.112', 2),
(135, '99.85.16.137', 2),
(136, '99.85.16.29', 2),
(137, '99.85.16.158', 2),
(138, '99.85.16.151', 2),
(139, '99.85.16.159', 2),
(140, '99.85.16.60', 2),
(141, '99.85.17.5', 2),
(142, '99.85.16.54', 2),
(143, '99.85.16.134', 2),
(144, '99.85.16.18', 2),
(145, '99.85.17.43', 2),
(146, '99.85.17.46', 2),
(147, '99.85.17.19', 2),
(148, '99.85.17.6', 2),
(149, '99.85.17.101', 2),
(150, '99.85.16.108', 2),
(151, '99.85.16.124', 2),
(152, '99.85.17.36', 2),
(153, '99.85.17.206', 2),
(154, '99.85.16.12', 2),
(155, '99.85.188.244', 2),
(156, '99.85.25.37', 2),
(157, '99.85.17.201', 2),
(158, '99.85.16.19', 2),
(159, '99.85.17.216', 2),
(160, '99.85.16.13', 2),
(161, '99.85.16.217', 2),
(162, '99.85.16.25', 2),
(163, '99.85.17.112', 2),
(164, '99.85.25.14', 2),
(165, '99.85.17.167', 2),
(166, '99.85.17.59', 2),
(167, '99.85.17.61', 2),
(168, '99.85.16.63', 2),
(169, '99.85.17.11', 2),
(170, '99.85.16.121', 2),
(171, '99.85.16.181', 2),
(172, '99.85.16.170', 2),
(173, '99.85.18.25', 2),
(174, '99.85.18.109', 2),
(175, '99.85.17.45', 2),
(176, '99.85.16.197', 2),
(177, '99.85.17.141', 2),
(178, '99.85.17.16', 2),
(179, '99.85.17.192', 2),
(180, '99.85.16.213', 2),
(181, '99.85.17.182', 2),
(182, '99.85.16.88', 2),
(183, '99.85.17.140', 2),
(184, '99.85.17.104', 2),
(185, '99.85.16.218', 2),
(186, '99.85.16.126', 2),
(187, '99.5.17.100', 2),
(188, '99.85.16.89', 2),
(189, '99.85.16.251', 2),
(190, '99.85.17.156', 2),
(191, '99.85.16.83', 2),
(192, '99.85.16.127', 2),
(193, '99.85.18.237', 2),
(194, '99.85.17.129', 2),
(195, '99.85.18.90', 2),
(196, '99.85.17.51', 2),
(197, '99.85.16.69', 2),
(198, '99.85.17.164', 2),
(199, '99.85.17.149', 2),
(200, '99.85.16.231', 2),
(201, '99.85.18.180', 2),
(202, '99.85.17.176', 2),
(203, '99.85.17.145', 2),
(204, '99.85.17.249', 2),
(205, '99.85.17.7', 2),
(206, '99.85.17.8', 2),
(207, '99.85.17.9', 2),
(208, '99.85.17.205', 2),
(209, '99.85.16.135', 2),
(210, '99.85.16.95', 2),
(211, '99.85.17.138', 2),
(212, '99.85.16.214', 2),
(213, '99.85.17.83', 2),
(214, '99.85.16.122', 2),
(215, '99.85.17.178', 2),
(216, '99.85.17.246', 2),
(217, '99.85.17.35', 2),
(218, '99.85.16.94', 2),
(219, '99.85.16.82', 2),
(220, '99.85.17.226', 2),
(221, '99.85.17.235', 2),
(222, '99.85.17.130', 2),
(223, '99.85.16.71', 2),
(224, '99.85.17.25', 2),
(225, '99.85.17.98', 2),
(226, '99.85.17.170', 2),
(227, '99.85.16.120', 2),
(228, '99.85.16.168', 2),
(229, '99.85.17.58', 2),
(230, '99.85.18.72', 2),
(231, '99.85.25.80', 2),
(232, '99.85.16.187', 2),
(233, '99.85.17.225', 2),
(234, '99.85.17.90', 2),
(235, '99.85.17.109', 2),
(236, '99.85.17.227', 2),
(237, '99.85.18.50', 2),
(238, '99.85.16.183', 2),
(239, '99.85.16.199', 2),
(240, '99.85.16.242', 2),
(241, '99.85.18.226', 2),
(242, '99.85.17.102', 2),
(243, '99.85.16.9', 2),
(244, '99.85.17.194', 2),
(245, '99.85.17.163', 2),
(246, '99.85.16.130', 2),
(247, '169.254.1.225', 2),
(248, '99.85.18.216', 2),
(249, '99.85.17.97', 2),
(250, '99.85.16.103', 2),
(251, '99.85.17.184', 2),
(252, '99.85.18.2', 2),
(253, '99.85.17.92', 2),
(254, '99.85.17.128', 2),
(255, '99.85.17.47', 2),
(256, '99.85.18.3', 2),
(257, '99.85.16.102', 2),
(258, '99.85.17.84', 2),
(259, '99.85.17.239', 2),
(260, '99.85.17.67', 2),
(261, '99.85.16.7', 2),
(262, '99.85.18.120', 2),
(263, '99.85.18.82', 2),
(264, '99.85.16.53', 2),
(265, '99.85.18.4', 2),
(266, '99.85.18.45', 2),
(267, '99.85.18.103', 2),
(268, '99.85.17.200', 2),
(269, '99.85.17.160', 2),
(270, '99.85.16.114', 2),
(271, '99.85.17.81', 2),
(272, '99.85.17.52', 2),
(273, '99.85.17.179', 2),
(274, '99.85.16.128', 2),
(275, '99.85.17.108', 2),
(276, '99.85.16.149', 2),
(277, '99.85.17.207', 2),
(278, '99.85.17.75', 2),
(279, '99.85.16.123', 2),
(280, '99.85.16.39', 2),
(281, '99.85.24.168', 2),
(282, '99.85.16.145', 2),
(283, '99.85.16.92', 2),
(284, '99.85.18.5', 2),
(285, '99.85.18.214', 2),
(286, '99.85.17.28', 2),
(287, '99.85.16.142', 2),
(288, '99.85.16.220', 2),
(289, '99.85.16.85', 2),
(290, '99.85.16.200', 2),
(291, '99.85.16.101', 2),
(292, '99.85.18.6', 2),
(293, '99.85.18.7', 2),
(294, '99.85.17.93', 2),
(295, '99.85.16.189', 2),
(296, '99.85.18.34', 2),
(297, '99.85.17.196', 2),
(298, '99.85.18.211', 2),
(299, '99.85.18.177', 2),
(300, '99.85.16.247', 2),
(301, '99.85.18.165', 2),
(302, '99.85.18.8', 2),
(303, '99.85.18.249', 2),
(304, '99.85.16.96', 2),
(305, '99.85.16.56', 2),
(306, '99.85.17.20', 2),
(307, '99.85.16.240', 2),
(308, '99.85.16.46', 2),
(309, '99.85.16.188', 2),
(310, '99.85.17.49', 2),
(311, '99.85.17.31', 2),
(312, '99.85.17.240', 2),
(313, '99.85.18.10', 2),
(314, '99.85.18.97', 2),
(315, '99.85.16.185', 2),
(316, '99.85.16.193', 2),
(317, '99.85.16.37', 2),
(318, '99.85.17.17', 2),
(319, '99.85.18.40', 2),
(320, '99.85.17.223', 2),
(321, '99.85.18.11', 2),
(322, '99.85.18.12', 2),
(323, '99.85.18.136', 2),
(324, '99.85.16.50', 2),
(325, '99.85.16.129', 2),
(326, '99.85.17.185', 2),
(327, '99.85.16.27', 2),
(328, '99.85.16.97', 2),
(329, '99.85.16.38', 2),
(330, '99.85.17.70', 2),
(331, '99.85.16.93', 2),
(332, '99.85.17.12', 2),
(333, '99.85.17.180', 2),
(334, '99.85.16.144', 2),
(335, '99.85.16.118', 2),
(336, '99.85.18.76', 2),
(337, '99.85.17.158', 2),
(338, '99.85.17.210', 2),
(339, '99.85.16.107', 2),
(340, '99.85.16.160', 2),
(341, '99.85.18.118', 2),
(342, '99.85.17.53', 2),
(343, '99.85.16.190', 2),
(344, '99.85.16.224', 2),
(345, '99.85.17.91', 2),
(346, '99.85.16.238', 2),
(347, '99.85.16.86', 2),
(348, '99.85.17.80', 2),
(349, '99.85.17.13', 2),
(350, '99.85.16.59', 2),
(351, '99.85.17.220', 2),
(352, '99.85.16.132', 2),
(353, '99.85.17.119', 2),
(354, '99.85.16.167', 2),
(355, '99.85.17.14', 2),
(356, '99.85.16.44', 2),
(357, '99.85.16.23', 2),
(358, '99.85.18.13', 2),
(359, '99.85.16.70', 2),
(360, '99.85.16.58', 2),
(361, '1.1.1.1', 2),
(362, '2.2.2.2', 2),
(363, '3.3.3.3', 1),
(364, '4.4.4.4', 1),
(365, '5.5.5.5', 1),
(366, '6.6.6.6', 1),
(367, '7.7.7.7', 2),
(368, '8.8.8.8', 2);

-- --------------------------------------------------------

--
-- Table structure for table `puestos`
--

CREATE TABLE IF NOT EXISTS `puestos` (
  `id_puesto` int NOT NULL AUTO_INCREMENT,
  `nombre_puesto` varchar(100) NOT NULL,
  PRIMARY KEY (`id_puesto`)
) ENGINE=InnoDB AUTO_INCREMENT=6;

--
-- Dumping data for table `puestos`
--

INSERT INTO `puestos` (`id_puesto`, `nombre_puesto`) VALUES
(1, 'Subadministrador'),
(2, 'Jefe de departamento'),
(3, 'Operativo'),
(4, 'Enlace'),
(5, 'Administrador');

-- --------------------------------------------------------

--
-- Table structure for table `resguardos`
--

CREATE TABLE IF NOT EXISTS `resguardos` (
  `id_resguardo` int NOT NULL AUTO_INCREMENT,
  `marca` varchar(100) NOT NULL,
  `modelo` varchar(100) NOT NULL,
  `n_serie` varchar(100) NOT NULL,
  `hostname` varchar(50) NOT NULL,
  `mac` varchar(200) NOT NULL,
  `nodo` varchar(100) DEFAULT NULL,
  `ip` int DEFAULT NULL,
  `baja` int NOT NULL,
  `ip_ultimo_registro` varchar(100) DEFAULT NULL,
  PRIMARY KEY (`id_resguardo`),
  UNIQUE KEY `ip` (`ip`)
) ENGINE=InnoDB AUTO_INCREMENT=365;

--
-- Dumping data for table `resguardos`
--

INSERT INTO `resguardos` (`id_resguardo`, `marca`, `modelo`, `n_serie`, `hostname`, `mac`, `nodo`, `ip`, `baja`, `ip_ultimo_registro`) VALUES
(1, 'LENOVO', 'THINKPAD L14 GEN 3 AMD', 'PW061FCA', 'B299GUCC68ATC01', 'F4-A8-0D-76-6B-F8', '', 1, 2, NULL),
(2, 'LENOVO', 'THINKPAD L14 GEN 3 AMD', 'PW061NWY', 'B299MALO85C7C01', 'F4-A8-0D-12-34-56', '', 2, 2, NULL),
(3, 'LENOVO', 'THINKPAD L14 GEN 3 AMD', 'PW06CHKW', 'B299ZEJJ67BRC01', 'F4-A8-0D-78-9A-BC', '', 3, 2, NULL),
(4, 'LENOVO', 'THINKPAD L14 GEN 3 AMD', 'PW063CX7', 'B299GAAJ796JC01', 'F4-A8-0D-DE-F0-12', '', 4, 2, NULL),
(5, 'LENOVO', 'THINKPAD L14 GEN 3 AMD', 'PW065F8A', 'B299CAMS559JC01', 'F4-A8-0D-34-56-78', '', 5, 2, NULL),
(6, 'LENOVO', 'THINKPAD L14 GEN 3 AMD', 'PW061Q0Z', 'B299BUVD881BC01', 'F4-A8-0D-9A-BC-DE', '', 6, 2, NULL),
(7, 'LENOVO', 'THINKPAD L14 GEN 3 AMD', 'PW061A2B3', 'B299TOSJ772MC01', 'F4-A8-0D-F0-12-34', '', 7, 2, NULL),
(8, 'LENOVO', 'THINKPAD L14 GEN 3 AMD', 'PW061NWT', 'B299MAMI8504C01', 'F4-A8-0D-56-78-9A', '', 8, 2, NULL),
(9, 'LENOVO', 'THINKPAD L14 GEN 3 AMD', 'PW06BE5B', 'B299ROJM637UC01', 'F4-A8-0D-BC-DE-F0', '', 9, 2, NULL),
(10, 'LENOVO', 'THINKPAD L14 GEN 3 AMD', 'PW061NL4', 'B299GOTD858OC01', 'F4-A8-0D-23-45-67', '', 10, 2, NULL),
(11, 'LENOVO', 'THINKPAD L14 GEN 3 AMD', 'PW06Q2JK', 'B299EARC7445C01', 'F4-A8-0D-89-AB-CD', '', 11, 2, NULL),
(12, 'LENOVO', 'THINKPAD L14 GEN 3 AMD', 'PW06BREN', 'B299COCD603UC01', 'F4-A8-0D-EF-01-23', '', 12, 2, NULL),
(13, 'LENOVO', 'THINKPAD L14 GEN 3 AMD', 'PW06BE8Z', 'B299RORS74ANC01', 'F4-A8-0D-45-67-89', '', 13, 2, NULL),
(14, 'LENOVO', 'THINKPAD L14 GEN 3 AMD', 'PW065FJ5', 'B299GUVM75CLC01', 'F4-A8-0D-AB-CD-EF', '', 14, 2, NULL),
(15, 'LENOVO', 'THINKPAD L14 GEN 3 AMD', 'PW06BDYX', 'B299AIFC64BAC01', 'F4-A8-0D-01-23-45', '', 15, 2, NULL),
(16, 'LENOVO', 'THINKPAD L14 GEN 3 AMD', 'PW06BFJH', 'B299FOGN806BC01', 'F4-A8-0D-67-89-AB', '', 16, 2, NULL),
(17, 'LENOVO', 'THINKPAD L14 GEN 3 AMD', 'PW06BFGK', 'B299EISR818OC01', 'F4-A8-0D-CD-EF-01', '', 17, 2, NULL),
(18, 'LENOVO', 'THINKPAD L14 GEN 3 AMD', 'PW06CHTW', 'B299SOMJ8061C01', 'F4-A8-0D-32-54-76', '', 18, 2, NULL),
(19, 'LENOVO', 'THINKPAD L14 GEN 3 AMD', 'PW061PX0', 'B299WESR7413C01', 'F4-A8-0D-98-BA-DC', '', 19, 2, NULL),
(20, 'LENOVO', 'THINKPAD L14 GEN 3 AMD', 'PW063BLR', 'B299RAAK905KC01', 'F4-A8-0D-FE-10-32', '', 20, 2, NULL),
(21, 'LENOVO', 'THINKPAD L14 GEN 3 AMD', 'PW061MD6', 'B299JIAR66AEC01', 'F4-A8-0D-54-76-98', '', 21, 2, NULL),
(22, 'LENOVO', 'THINKPAD L14 GEN 3 AMD', 'PW061M7B', 'B299LOLL7556C01', 'F4-A8-0D-BA-DC-FE', '', 22, 2, NULL),
(23, 'LENOVO', 'THINKPAD L14 GEN 3 AMD', 'PW061PSY', 'B299AIRH675QC01', 'F4-A8-0D-10-32-54', '', 23, 2, NULL),
(24, 'LENOVO', 'THINKPAD L14 GEN 3 AMD', 'PW062M74', 'B299DEFD875HC01', 'F4-A8-0D-76-98-BA', '', 24, 2, NULL),
(25, 'LENOVO', 'THINKPAD L14 GEN 3 AMD', 'PW061NQE', 'B299LURM75A4C01', 'F4-A8-0D-DC-FE-10', '', 25, 2, NULL),
(26, 'LENOVO', 'THINKPAD L14 GEN 3 AMD', 'PW061PTZ', 'B299CAPJ69ANC01', 'F4-A8-0D-43-21-65', '', 26, 2, NULL),
(27, 'LENOVO', 'THINKPAD L14 GEN 3 AMD', 'PW0633HP', 'B299LORD973FC01', 'F4-A8-0D-87-65-43', '', 27, 2, NULL),
(28, 'LENOVO', 'THINKPAD L14 GEN 3 AMD', 'PW0625EQ', 'B299CUJF88C7C01', 'F4-A8-0D-CB-A9-87', '', 28, 2, NULL),
(29, 'LENOVO', 'THINKPAD L14 GEN 3 AMD', 'PW06CHHZ', 'B299RENG8023C01', 'F4-A8-0D-21-65-43', '', 29, 2, NULL),
(30, 'LENOVO', 'THINKPAD L14 GEN 3 AMD', 'PW061MDQ', 'B299VAGA91ALC01', 'F4-A8-0D-65-43-21', '', 30, 2, NULL),
(31, 'LENOVO', 'THINKPAD L14 GEN 3 AMD', 'PW061MBE', 'B299MORA8532C01', 'F4-A8-0D-A9-87-65', '', 31, 2, NULL),
(32, 'LENOVO', 'THINKPAD L14 GEN 3 AMD', 'PW0625FC', 'B299BAAE949BC01', 'F4-A8-0D-87-65-CB', '', 32, 2, NULL),
(33, 'LENOVO', 'THINKPAD L14 GEN 3 AMD', 'PW06BFH1', 'B299SANE77BLC01', 'F4-A8-0D-43-21-A9', '', 33, 2, NULL),
(34, 'LENOVO', 'THINKPAD L14 GEN 3 AMD', 'PW06BS2G', 'B299FOPD894PC01', 'F4-A8-0D-65-CB-87', '', 34, 2, NULL),
(35, 'LENOVO', 'THINKPAD L14 GEN 3 AMD', 'PW06BQQH', 'B299PUBY784LC01', 'F4-A8-0D-A9-43-21', '', 35, 2, NULL),
(36, 'LENOVO', 'THINKPAD L14 GEN 3 AMD', 'PW06CHJ1', 'B299HECJ803LC01', 'F4-A8-0D-CB-87-65', '', 36, 2, NULL),
(37, 'LENOVO', 'THINKPAD L14 GEN 3 AMD', 'PW061MC5', 'B299NUHA712FC01', 'F4-A8-0D-21-A9-43', '', 37, 2, NULL),
(38, 'LENOVO', 'THINKPAD L14 GEN 3 AMD', 'PW061PC2', 'B299HECM955TC01', 'F4-A8-0D-87-21-CB', '', 38, 2, NULL),
(39, 'LENOVO', 'THINKPAD L14 GEN 3 AMD', 'PW061NZQ', 'B299FATE83A5C01', 'F4-A8-0D-43-CB-A9', '', 39, 2, NULL),
(40, 'LENOVO', 'THINKPAD L14 GEN 3 AMD', 'PW0626V8', 'B299RIPA9135C01', 'F4-A8-0D-65-87-21', '', 40, 2, NULL),
(41, 'LENOVO', 'THINKPAD L14 GEN 3 AMD', 'PW06CHER', 'B299SACE76BOC01', 'F4-A8-0D-A9-65-43', '', 41, 2, NULL),
(42, 'LENOVO', 'THINKPAD L14 GEN 3 AMD', 'PW061N4R', 'B299AASK962JC01', 'F4-A8-0D-CB-43-87', '', 42, 2, NULL),
(43, 'LENOVO', 'THINKPAD L14 GEN 3 AMD', 'PW061C4D5', 'B299BAFL911EC01', 'F4-A8-0D-21-87-CB', '', 43, 2, NULL),
(44, 'LENOVO', 'THINKPAD L14 GEN 3 AMD', 'PW06CHJN', 'B299LEOA671FC01', 'F4-A8-0D-87-CB-21', '', 44, 2, NULL),
(45, 'LENOVO', 'THINKPAD L14 GEN 3 AMD', 'PW06CHV9', 'B299NUAM9265C01', 'F4-A8-0D-43-65-A9', '', 45, 2, NULL),
(46, 'LENOVO', 'THINKPAD L14 GEN 3 AMD', 'PW06272D', 'B299CAMT8682C01', 'F4-A8-0D-65-A9-87', '', 46, 2, NULL),
(47, 'LENOVO', 'THINKPAD L14 GEN 3 AMD', 'PW061NMT', 'B299MIGA96CMC01', 'F4-A8-0D-A9-CB-65', '', 47, 2, NULL),
(48, 'LENOVO', 'THINKPAD L14 GEN 3 AMD', 'PW061NPV', 'B299SAPE847KC01', 'F4-A8-0D-CB-21-43', '', 48, 2, NULL),
(49, 'LENOVO', 'THINKPAD L14 GEN 3 AMD', 'PW065FQF', 'B299FOGJ955HC01', 'F4-A8-0D-34-78-AC', '', 49, 2, NULL),
(50, 'LENOVO', 'THINKPAD L14 GEN 3 AMD', 'PW061P5S', 'B299MERI928HC01', 'F4-A8-0D-90-DE-2B', '', 50, 2, NULL),
(51, 'LENOVO', 'THINKPAD L14 GEN 3 AMD', 'PW061N6G', 'B299LISB7959C01', 'F4-A8-0D-56-F1-8C', '', 51, 2, NULL),
(52, 'LENOVO', 'THINKPAD L14 GEN 3 AMD', 'PW061MB6', 'B299ZAMA715AC01', 'F4-A8-0D-BC-23-6D', '', 52, 2, NULL),
(53, 'LENOVO', 'THINKPAD L14 GEN 3 AMD', 'PW061PYP', 'B299COBY687BC01', 'F4-A8-0D-78-45-9E', '', 53, 2, NULL),
(54, 'LENOVO', 'THINKPAD L14 GEN 3 AMD', 'PW06CHP5', 'B299AIAN595NC01', 'F4-A8-0D-DE-67-B0', '', 54, 2, NULL),
(55, 'LENOVO', 'THINKPAD L14 GEN 3 AMD', 'PW0626S6', 'B299MAGJ017AC01', 'F4-A8-0D-12-89-CF', '', 55, 2, NULL),
(56, 'LENOVO', 'THINKPAD L14 GEN 3 AMD', 'PW0633XR', 'B299SEMJ998LC01', 'F4-A8-0D-34-AB-19', '', 56, 2, NULL),
(57, 'LENOVO', 'THINKPAD L14 GEN 3 AMD', 'PW06BR7Z', 'B299BOMA739BC01', 'F4-A8-0D-56-CD-3F', '', 57, 2, NULL),
(58, 'LENOVO', 'THINKPAD L14 GEN 3 AMD', 'PW06BFAW', 'B299CAPE6866C01', 'F4-A8-0D-78-EF-5B', '', 58, 2, NULL),
(59, 'LENOVO', 'THINKPAD L14 GEN 3 AMD', 'PW061PWD', 'B299MERI79BDC01', 'F4-A8-0D-9A-01-7D', '', 59, 2, NULL),
(60, 'LENOVO', 'THINKPAD L14 GEN 3 AMD', 'PW061NQA', 'B299LOEX95BNC01', 'F4-A8-0D-BC-23-9F', '', 60, 2, NULL),
(61, 'LENOVO', 'THINKPAD L14 GEN 3 AMD', 'PW06BWMP', 'B299PEON98C6C01', 'F4-A8-0D-DE-45-B1', '', 61, 2, NULL),
(62, 'LENOVO', 'THINKPAD L14 GEN 3 AMD', 'PW061P11', 'B299JIFL86ABC01', 'F4-A8-0D-F0-67-D3', '', 62, 2, NULL),
(63, 'LENOVO', 'THINKPAD L14 GEN 3 AMD', 'PW062YAG', 'B299BUTC95F9C01', 'F4-A8-0D-12-89-F5', '', 63, 2, NULL),
(64, 'LENOVO', 'THINKPAD L14 GEN 3 AMD', 'PW061NZ0', 'B299FOML598UC01', 'F4-A8-0D-34-AB-17', '', 64, 2, NULL),
(65, 'LENOVO', 'THINKPAD L14 GEN 3 AMD', 'PW061P5G', 'B299JARY80C9C01', 'F4-A8-0D-56-CD-39', '', 65, 2, NULL),
(66, 'LENOVO', 'THINKPAD L14 GEN 3 AMD', 'PW0627AW', 'B299HEMM67AFC01', 'F4-A8-0D-78-EF-51', '', 66, 2, NULL),
(67, 'LENOVO', 'THINKPAD L14 GEN 3 AMD', 'PW06BE12', 'B299HEVC662EC01', 'F4-A8-0D-9A-01-71', '', 67, 2, NULL),
(68, 'LENOVO', 'THINKPAD L14 GEN 3 AMD', 'PW061N3H', 'B299EUOR53AQC01', 'F4-A8-0D-BC-23-91', '', 68, 2, NULL),
(69, 'LENOVO', 'THINKPAD L14 GEN 3 AMD', 'PW06BFBY', 'B299GAGC844FC01', 'F4-A8-0D-DE-45-B0', '', 69, 2, NULL),
(70, 'LENOVO', 'THINKPAD L14 GEN 3 AMD', 'PW061PWZ', 'B299AEAD969LC01', 'F4-A8-0D-F0-67-D1', '', 70, 2, NULL),
(71, 'LENOVO', 'THINKPAD L14 GEN 3 AMD', 'PW061MTA', 'B299SACB656NC01', 'F4-A8-0D-12-89-F1', '', 71, 2, NULL),
(72, 'LENOVO', 'THINKPAD L14 GEN 3 AMD', 'PW06CT14', 'B299CAHG9592C01', 'F4-A8-0D-34-AB-11', '', 72, 2, NULL),
(73, 'LENOVO', 'THINKPAD L14 GEN 3 AMD', 'PW061P1E', 'B299LAHL7294C01', 'F4-A8-0D-56-CD-31', '', 73, 2, NULL),
(74, 'LENOVO', 'THINKPAD L14 GEN 3 AMD', 'PW06BFJ1', 'B299LISI76ASC01', 'F4-A8-0D-78-EF-5A', '', 74, 2, NULL),
(75, 'LENOVO', 'THINKPAD L14 GEN 3 AMD', 'PW06BE0J', 'B299ROJV725IC01', 'F4-A8-0D-9A-01-7A', '', 75, 2, NULL),
(76, 'LENOVO', 'THINKPAD L14 GEN 3 AMD', 'PW061NYP', 'B299MAES929CC01', 'F4-A8-0D-BC-23-9A', '', 76, 2, NULL),
(77, 'LENOVO', 'THINKPAD L14 GEN 3 AMD', 'PW061NP1', 'B299EAAM679EC01', 'F4-A8-0D-DE-45-BA', '', 77, 2, NULL),
(78, 'LENOVO', 'THINKPAD L14 GEN 3 AMD', 'PW061PBZ', 'B299CAMR7179C01', 'F4-A8-0D-F0-67-DA', '', 78, 2, NULL),
(79, 'LENOVO', 'THINKPAD L14 GEN 3 AMD', 'PW06BWJ7', 'B299BUPG6749C01', 'F4-A8-0D-12-89-FA', '', 79, 2, NULL),
(80, 'LENOVO', 'THINKPAD L14 GEN 3 AMD', 'PW06CHQT', 'B299EIMA9059C01', 'F4-A8-0D-34-AB-1D', '', 80, 2, NULL),
(81, 'LENOVO', 'THINKPAD L14 GEN 3 AMD', 'PW061MC2', 'B299MIAS847IC01', 'F4-A8-0D-56-CD-33', '', 81, 2, NULL),
(82, 'LENOVO', 'THINKPAD L14 GEN 3 AMD', 'PW06Q2H3', 'B299EIBE631KC01', 'F4-A8-0D-78-EF-5E', '', 82, 2, NULL),
(83, 'LENOVO', 'THINKPAD L14 GEN 3 AMD', 'PW061Q5E', 'B299JIGO81AMC01', 'F4-A8-0D-9A-01-7R', '', 83, 2, NULL),
(84, 'LENOVO', 'THINKPAD L14 GEN 3 AMD', 'PW062TVV', 'B299FEMT89C5C01', 'F4-A8-0D-BC-23-9Y', '', 84, 2, NULL),
(85, 'LENOVO', 'THINKPAD L14 GEN 3 AMD', 'PW061Q2V', 'B299QUAA75AFC01', 'F4-A8-0D-DE-45-BP', '', 85, 2, NULL),
(86, 'LENOVO', 'THINKPAD L14 GEN 3 AMD', 'PW06BFJR', 'B299VACY92A1C01', 'F4-A8-0D-F0-67-DT', '', 86, 2, NULL),
(87, 'LENOVO', 'THINKPAD L14 GEN 3 AMD', 'PW06BE4J', 'B299GUBN9598C01', 'F4-A8-0D-12-89-FQ', '', 87, 2, NULL),
(88, 'LENOVO', 'THINKPAD L14 GEN 3 AMD', 'PW061PVR', 'B299GOGD64CTC01', 'F4-A8-0D-34-AB-1W', '', 88, 2, NULL),
(89, 'LENOVO', 'THINKPAD L14 GEN 3 AMD', 'PW06BVPP', 'B299AAGK83C9C01', 'F4-A8-0D-56-CD-3E', '', 89, 2, NULL),
(90, 'LENOVO', 'THINKPAD L14 GEN 3 AMD', 'PW06BWYY', 'B299AEGF917LC01', 'F4-A8-0D-78-EF-5R', '', 90, 2, NULL),
(91, 'LENOVO', 'THINKPAD L14 GEN 3 AMD', 'PW062TV5', 'B299CABP64AEC01', 'F4-A8-0D-9A-01-7T', '', 91, 2, NULL),
(92, 'LENOVO', 'THINKPAD L14 GEN 3 AMD', 'PW06BXHL', 'B299MAML841SC01', 'F4-A8-0D-BC-23-9T', '', 92, 2, NULL),
(93, 'LENOVO', 'THINKPAD L14 GEN 3 AMD', 'PW0627X5', 'B299MEFJ97B8C01', 'F4-A8-0D-DE-45-BY', '', 93, 2, NULL),
(94, 'LENOVO', 'THINKPAD L14 GEN 3 AMD', 'PW0626T9', 'B299ROPE9685C01', 'F4-A8-0D-F0-67-DU', '', 94, 2, NULL),
(95, 'LENOVO', 'THINKPAD L14 GEN 3 AMD', 'PW062Y8L', 'B299CAGX96BRC01', 'F4-A8-0D-12-89-FI', '', 95, 2, NULL),
(96, 'LENOVO', 'THINKPAD L14 GEN 3 AMD', 'PW061NYX', 'B299GOAF977LC01', 'F4-A8-0D-34-AB-1O', '', 96, 2, NULL),
(97, 'LENOVO', 'THINKPAD L14 GEN 3 AMD', 'PW06281A', 'B299BASV946RC01', 'F4-A8-0D-56-CD-3P', '', 97, 2, NULL),
(98, 'LENOVO', 'THINKPAD L14 GEN 3 AMD', 'PW06BRHX', 'B299RERA8808C01', 'F4-A8-0D-78-EF-58', '', 98, 2, NULL),
(99, 'LENOVO', 'THINKPAD L14 GEN 3 AMD', 'PW06BE4W', 'B299GAAP965IC01', 'F4-A8-0D-9A-01-7S', '', 99, 2, NULL),
(100, 'LENOVO', 'THINKPAD L14 GEN 3 AMD', 'PW061E6F7', 'B299REGA80B7C01', 'F4-A8-0D-BC-23-9D', '', 100, 2, NULL),
(101, 'LENOVO', 'THINKPAD L14 GEN 3 AMD', 'PW0626VL', 'B299CACE82CJC01', 'F4-A8-0D-DE-45-BT', '', 101, 2, NULL),
(102, 'LENOVO', 'THINKPAD L14 GEN 3 AMD', 'PW065BHN', 'B299SORM916AC01', 'F4-A8-0D-F0-67-DY', '', 102, 2, NULL),
(103, 'LENOVO', 'THINKPAD L14 GEN 3 AMD', 'PW061MHN', 'B299ROVL9358C01', 'F4-A8-0D-12-89-FU', '', 103, 2, NULL),
(104, 'LENOVO', 'THINKPAD L14 GEN 3 AMD', 'PW061PB8', 'B299RORP983EC01', 'F4-A8-0D-34-AB-1I', '', 104, 2, NULL),
(105, 'LENOVO', 'THINKPAD L14 GEN 3 AMD', 'PW0627W0', 'B299ROCI7624C01', 'F4-A8-0D-56-CD-3H', '', 105, 2, NULL),
(106, 'LENOVO', 'THINKPAD L14 GEN 3 AMD', 'PW06BE4N', 'B299AEGA859SC01', 'F4-A8-0D-78-EF-5J', '', 106, 2, NULL),
(107, 'LENOVO', 'THINKPAD L14 GEN 3 AMD', 'PW061NGE', 'B299AAOJ86AEC01', 'F4-A8-0D-9A-01-7K', '', 107, 2, NULL),
(108, 'LENOVO', 'THINKPAD L14 GEN 3 AMD', 'PW06BRWF', 'B299MAEG69C6C01', 'F4-A8-0D-BC-23-9L', '', 108, 2, NULL),
(109, 'LENOVO', 'THINKPAD L14 GEN 3 AMD', 'PW06BWH2', 'B299HEGM986FC01', 'F4-A8-0D-DE-45-BZ', '', 109, 2, NULL),
(110, 'LENOVO', 'THINKPAD L14 GEN 3 AMD', 'PW06BE78', 'B299DAOM908RC01', 'F4-A8-0D-F0-67-DX', '', 110, 2, NULL),
(111, 'LENOVO', 'THINKPAD L14 GEN 3 AMD', 'PW06BRTQ', 'B299AUGR4498C01', 'F4-A8-0D-12-89-FC', '', 111, 2, NULL),
(112, 'LENOVO', 'THINKPAD L14 GEN 3 AMD', 'PW061G8H9', 'B299OUGA8110C01', 'F4-A8-0D-34-AB-1C', '', 112, 2, NULL),
(113, 'LENOVO', 'THINKPAD L14 GEN 3 AMD', 'PW061MC7', 'B299QUGN763LC01', 'F4-A8-0D-56-CD-3V', '', 113, 2, NULL),
(114, 'LENOVO', 'THINKPAD L14 GEN 3 AMD', 'PW061PT2', 'B299PEVC5467C01', 'F4-A8-0D-78-EF-5M', '', 114, 2, NULL),
(115, 'LENOVO', 'THINKPAD L14 GEN 3 AMD', 'PW061MDE', 'B299RAAY935HC01', 'F4-A8-0D-9A-01-7N', '', 115, 2, NULL),
(116, 'LENOVO', 'THINKPAD L14 GEN 3 AMD', 'PW061NZM', 'B299LOHS815UC01', 'F4-A8-0D-BC-23-9M', '', 116, 2, NULL),
(117, 'LENOVO', 'THINKPAD L14 GEN 3 AMD', 'PW06BE42', 'B299AANF89A8C01', 'F4-A8-0D-DE-AB-B1', '', 117, 2, NULL),
(118, 'LENOVO', 'THINKPAD L14 GEN 3 AMD', 'PW0627X3', 'B299GOPI91CKC01', 'F4-A8-0D-F0-BC-D3', '', 118, 2, NULL),
(119, 'LENOVO', 'THINKPAD L14 GEN 3 AMD', 'PW061MDG', 'B299ROAD8689C01', 'F4-A8-0D-12-CD-F5', '', 119, 2, NULL),
(120, 'LENOVO', 'THINKPAD L14 GEN 3 AMD', 'PW061P4X', 'B299GABE91ASC01', 'F4-A8-0D-34-DE-17', '', 120, 2, NULL),
(121, 'LENOVO', 'THINKPAD L14 GEN 3 AMD', 'PW061PYH', 'B299AUMA9348C01', 'F4-A8-0D-56-EF-39', '', 121, 2, NULL),
(122, 'LENOVO', 'THINKPAD L14 GEN 3 AMD', 'PW0626TP', 'B299HUMR95CFC01', 'F4-A8-0D-78-FG-5B', '', 122, 2, NULL),
(123, 'LENOVO', 'THINKPAD L14 GEN 3 AMD', 'PW0626T8', 'B299VEMY914AC01', 'F4-A8-0D-9A-GH-7D', '', 123, 2, NULL),
(124, 'LENOVO', 'THINKPAD L14 GEN 3 AMD', 'PW06BRHW', 'B299RARI91B6C01', 'F4-A8-0D-BC-HI-9F', '', 124, 2, NULL),
(125, 'LENOVO', 'THINKPAD L14 GEN 3 AMD', 'PW061MBD', 'B299ROMA8319C01', 'F4-A8-0D-DE-IJ-B1', '', 125, 2, NULL),
(126, 'LENOVO', 'THINKPAD L14 GEN 3 AMD', 'PW06BVJJ', 'B299JUGF9219C01', 'F4-A8-0D-F0-JK-D3', '', 126, 2, NULL),
(127, 'LENOVO', 'THINKPAD L14 GEN 3 AMD', 'PW06BSSZ', 'B299AUAR65CRC01', 'F4-A8-0D-12-KL-F5', '', 127, 2, NULL),
(128, 'LENOVO', 'THINKPAD L14 GEN 3 AMD', 'PW06BRNV', 'B299ZESJ8941C01', 'F4-A8-0D-34-LM-17', '', 128, 2, NULL),
(129, 'LENOVO', 'THINKPAD L14 GEN 3 AMD', 'PW06BEA0', 'B299BECA59AKC01', 'F4-A8-0D-56-MN-39', '', 129, 2, NULL),
(130, 'LENOVO', 'THINKPAD L14 GEN 3 AMD', 'PW061MK3', 'B299GOMA684GC01', 'F4-A8-0D-78-NO-5B', '', 130, 2, NULL),
(131, 'LENOVO', 'THINKPAD L14 GEN 3 AMD', 'PW06BVH1', 'B299CAAJ866HC01', 'F4-A8-0D-9A-OP-7D', '', 131, 2, NULL),
(132, 'LENOVO', 'THINKPAD L14 GEN 3 AMD', 'PW061MAN', 'B299PIPO841UC01', 'F4-A8-0D-BC-PQ-9F', '', 132, 2, NULL),
(133, 'LENOVO', 'THINKPAD L14 GEN 3 AMD', 'PW063BFQ', 'B299GAVE76AIC01', 'F4-A8-0D-DE-RS-B1', '', 133, 2, NULL),
(134, 'LENOVO', 'THINKPAD L14 GEN 3 AMD', 'PW065FFC', 'B299HERL71C1C01', 'F4-A8-0D-F0-QR-D3', '', 134, 2, NULL),
(135, 'LENOVO', 'THINKPAD L14 GEN 3 AMD', 'PW06BWT4', 'B299SIAJ925PC01', 'F4-A8-0D-12-TU-F5', '', 135, 2, NULL),
(136, 'LENOVO', 'THINKPAD L14 GEN 3 AMD', 'PW06BVE6', 'B299BERJ935PC01', 'F4-A8-0D-34-UV-17', '', 136, 2, NULL),
(137, 'LENOVO', 'THINKPAD L14 GEN 3 AMD', 'PW061NRW', 'B299MACB6961C01', 'F4-A8-0D-56-ST-39', '', 137, 2, NULL),
(138, 'LENOVO', 'THINKPAD L14 GEN 3 AMD', 'PW0E6MB1', 'B299LUOA826MC01', 'F4-A8-0D-78-VW-5B', '', 138, 2, NULL),
(139, 'LENOVO', 'THINKPAD L14 GEN 3 AMD', 'PW061NFZ', 'B299GASE7164C01', 'F4-A8-0D-9A-WX-7D', '', 139, 2, NULL),
(140, 'LENOVO', 'THINKPAD L14 GEN 3 AMD', 'PW06BWWF', 'B299BAHE60CSC01', 'F4-A8-0D-BC-XY-9F', '', 140, 2, NULL),
(141, 'LENOVO', 'THINKPAD L14 GEN 3 AMD', 'PW061H0I1', 'B299GOPK979QC01', 'F4-A8-0D-DE-YZ-B1', '', 141, 2, NULL),
(142, 'LENOVO', 'THINKPAD L14 GEN 3 AMD', 'PW06BS8V', 'B299VASC9607C01', 'F4-A8-0D-F0-Z1-D3', '', 142, 2, NULL),
(143, 'LENOVO', 'THINKPAD L14 GEN 3 AMD', 'PW06BRSC', 'B299GAHJ81BMC01', 'F4-A8-0D-12-Z2-F5', '', 143, 2, NULL),
(144, 'LENOVO', 'THINKPAD L14 GEN 3 AMD', 'PW06BDZC', 'B299CANH921TC01', 'F4-A8-0D-34-Z3-17', '', 144, 2, NULL),
(145, 'LENOVO', 'THINKPAD L14 GEN 3 AMD', 'PW06BE90', 'B299OOFR738NC01', 'F4-A8-0D-56-Z4-39', '', 145, 2, NULL),
(146, 'LENOVO', 'THINKPAD L14 GEN 3 AMD', 'PW061Q01', 'B299RUES934PC01', 'F4-A8-0D-78-Z5-5B', '', 146, 2, NULL),
(147, 'LENOVO', 'THINKPAD L14 GEN 3 AMD', 'PW061MCG', 'B299SORM721NC01', 'F4-A8-0D-9A-Z6-7D', '', 147, 2, NULL),
(148, 'LENOVO', 'THINKPAD L14 GEN 3 AMD', 'PW061J2K3', 'B299CASS7486C01', 'F4-A8-0D-BC-Z7-9F', '', 148, 2, NULL),
(149, 'LENOVO', 'THINKPAD L14 GEN 3 AMD', 'PW061P5B', 'B299JIGM8999C01', 'F4-A8-0D-DE-Z8-B1', '', 149, 2, NULL),
(150, 'LENOVO', 'THINKPAD L14 GEN 3 AMD', 'PW062YNR', 'B299FEQR979IC01', 'F4-A8-0D-F0-Z9-D3', '', 150, 2, NULL),
(151, 'LENOVO', 'THINKPAD L14 GEN 3 AMD', 'PW061MVA', 'B299AIME9761C01', 'F4-A8-0D-12-Y0-F5', '', 151, 2, NULL),
(152, 'LENOVO', 'THINKPAD L14 GEN 3 AMD', 'PW061PYT', 'B299VIAA8573C01', 'F4-A8-0D-34-Y1-17', '', 152, 2, NULL),
(153, 'LENOVO', 'THINKPAD L14 GEN 3 AMD', 'PW0E8J6F', 'B299AILD963NC01', 'F4-A8-0D-56-Y2-39', '', 153, 2, NULL),
(154, 'LENOVO', 'THINKPAD L14 GEN 3 AMD', 'PW06BE7F', 'B299COPP943OC01', 'F4-A8-0D-78-Y3-5B', '', 154, 2, NULL),
(155, 'LENOVO', 'THINKPAD L14 GEN 3 AMD', 'PW0626XK', 'B299DIGL796LC01', 'F4-A8-0D-9A-Y4-7D', '', 155, 2, NULL),
(156, 'LENOVO', 'THINKPAD L14 GEN 3 AMD', 'PW06CH90', 'B299MARR713LC01', 'F4-A8-0D-BC-Y5-9F', '', 156, 2, NULL),
(157, 'LENOVO', 'THINKPAD L14 GEN 3 AMD', 'PW065ETS', 'B299IARM744PC01', 'F4-A8-0D-DE-Y6-B1', '', 157, 2, NULL),
(158, 'LENOVO', 'THINKPAD L14 GEN 3 AMD', 'PW0633Y2', 'B299HERN9092C01', 'F4-A8-0D-F0-Y7-D3', '', 158, 2, NULL),
(159, 'LENOVO', 'THINKPAD L14 GEN 3 AMD', 'PW0627DD', 'B299IABN0085C01', 'F4-A8-0D-12-Y8-F5', '', 159, 2, NULL),
(160, 'LENOVO', 'THINKPAD L14 GEN 3 AMD', 'PW06BEES', 'B299HOCR9074C01', 'F4-A8-0D-34-Y9-17', '', 160, 2, NULL),
(161, 'LENOVO', 'THINKPAD L14 GEN 3 AMD', 'PW061Q58', 'B299FAGR96B9C01', 'F4-A8-0D-56-X0-39', '', 161, 2, NULL),
(162, 'LENOVO', 'THINKPAD L14 GEN 3 AMD', 'PW0626T3', 'B299MALS9498C01', 'F4-A8-0D-78-X1-5B', '', 162, 2, NULL),
(163, 'LENOVO', 'THINKPAD L14 GEN 3 AMD', 'PW061NVB', 'B299MESM7069C01', 'F4-A8-0D-9A-X2-7D', '', 163, 2, NULL),
(164, 'LENOVO', 'THINKPAD L14 GEN 3 AMD', 'PW061Q9S', 'B299IEME8777C01', 'F4-A8-0D-BC-X3-9F', '', 164, 2, NULL),
(165, 'LENOVO', 'THINKPAD L14 GEN 3 AMD', 'PW06BV5Z', 'B299MANM763IC01', 'F4-A8-0D-DE-X4-B1', '', 165, 2, NULL),
(166, 'LENOVO', 'THINKPAD L14 GEN 3 AMD', 'PW06BVZF', 'B299CADS864SC01', 'F4-A8-0D-F0-X5-D3', '', 166, 2, NULL),
(167, 'LENOVO', 'THINKPAD L14 GEN 3 AMD', 'PW06BFFZ', 'B299MALE796KC01', 'F4-A8-0D-12-X6-F5', '', 167, 2, NULL),
(168, 'LENOVO', 'THINKPAD L14 GEN 3 AMD', 'PW061PYQ', 'B299CURJ948OC01', 'F4-A8-0D-34-X7-17', '', 168, 2, NULL),
(169, 'LENOVO', 'THINKPAD L14 GEN 3 AMD', 'PW0626VW', 'B299PEVM81C6C01', 'F4-A8-0D-56-X8-39', '', 169, 2, NULL),
(170, 'LENOVO', 'THINKPAD L14 GEN 3 AMD', 'PW06BWKH', 'B299FUAJ6133C01', 'F4-A8-0D-78-X9-5B', '', 170, 2, NULL),
(171, 'LENOVO', 'THINKPAD L14 GEN 3 AMD', 'PW061Q3N', 'B299MEGG729GC01', 'F4-A8-0D-9A-0A-7D', '', 171, 2, NULL),
(172, 'LENOVO', 'THINKPAD L14 GEN 3 AMD', 'PW06BW24', 'B299HEBJ813HC01', 'F4-A8-0D-BC-0B-9F', '', 172, 2, NULL),
(173, 'LENOVO', 'THINKPAD L14 GEN 3 AMD', 'PW061NMR', 'B299RECA8931C01', 'F4-A8-0D-DE-0C-B1', '', 173, 2, NULL),
(174, 'LENOVO', 'THINKPAD L14 GEN 3 AMD', 'PW061Q26', 'B299FEME728IC01', 'F4-A8-0D-F0-0B-D3', '', 174, 2, NULL),
(175, 'LENOVO', 'THINKPAD L14 GEN 3 AMD', 'PW0638AZ', 'B299OELJ847RC01', 'F4-A8-0D-12-0E-F5', '', 175, 2, NULL),
(176, 'LENOVO', 'THINKPAD L14 GEN 3 AMD', 'PW061NGG', 'B299NIML792GC01', 'F4-A8-0D-34-0F-17', '', 176, 2, NULL),
(177, 'LENOVO', 'THINKPAD L14 GEN 3 AMD', 'PW063FED', 'B299GUSK826IC01', 'F4-A8-0D-56-0G-39', '', 177, 2, NULL),
(178, 'LENOVO', 'THINKPAD L14 GEN 3 AMD', 'PW061NFP', 'B299LOIO87CCC01', 'F4-A8-0D-78-0H-5B', '', 178, 2, NULL),
(179, 'LENOVO', 'THINKPAD L14 GEN 3 AMD', 'PW06BE18', 'B299AATA9688C01', 'F4-A8-0D-9A-0I-7D', '', 179, 2, NULL),
(180, 'LENOVO', 'THINKPAD L14 GEN 3 AMD', 'PW061MC8', 'B299GOBJ856NC01', 'F4-A8-0D-BC-0J-9F', '', 180, 2, NULL),
(181, 'LENOVO', 'THINKPAD L14 GEN 3 AMD', 'PW062TV8', 'B299GAGJ958DC01', 'F4-A8-0D-DE-WS-B1', '', 181, 2, NULL),
(182, 'LENOVO', 'THINKPAD L14 GEN 3 AMD', 'PW061Q64', 'B299RUGM969NC01', 'F4-A8-0D-F0-SD-D3', '', 182, 2, NULL),
(183, 'LENOVO', 'THINKPAD L14 GEN 3 AMD', 'PW06BRCW', 'B299ZIAD9591C01', 'F4-A8-0D-12-FR-F5', '', 183, 2, NULL),
(184, 'LENOVO', 'THINKPAD L14 GEN 3 AMD', 'PW061P71', 'B299CACV9593C01', 'F4-A8-0D-34-5R-17', '', 184, 2, NULL),
(185, 'LENOVO', 'THINKPAD L14 GEN 3 AMD', 'PW061PBC', 'B299RIGR95CFC01', 'F4-A8-0D-56-Y7-39', '', 185, 2, NULL),
(186, 'LENOVO', 'THINKPAD L14 GEN 3 AMD', 'PW061PX9', 'B299IAGM63A8C01', 'F4-A8-0D-78-GF-5B', '', 186, 2, NULL),
(187, 'LENOVO', 'THINKPAD L14 GEN 3 AMD', 'PW06BRST', 'B299AAMF9012C01', 'F4-A8-0D-9A-TG-7D', '', 187, 2, NULL),
(188, 'LENOVO', 'THINKPAD L14 GEN 3 AMD', 'PW0636JR', 'B299GAJO9934C01', 'F4-A8-0D-AA-23-9F', '', 188, 2, NULL),
(189, 'LENOVO', 'THINKPAD L14 GEN 3 AMD', 'PW061NZS', 'B299BEAJ995CC01', 'F4-A8-0D-BB-45-B1', '', 189, 2, NULL),
(190, 'LENOVO', 'THINKPAD L14 GEN 3 AMD', 'PW061PTH', 'B299GAGH745CC01', 'F4-A8-0D-CC-67-D3', '', 190, 2, NULL),
(191, 'LENOVO', 'THINKPAD L14 GEN 3 AMD', 'PW0626VN', 'B299PECS972OC01', 'F4-A8-0D-DD-89-F5', '', 191, 2, NULL),
(192, 'LENOVO', 'THINKPAD L14 GEN 3 AMD', 'PW06BRE1', 'B299LUFA681FC01', 'F4-A8-0D-EE-AB-17', '', 192, 2, NULL),
(193, 'LENOVO', 'THINKPAD L14 GEN 3 AMD', 'PW062TTJ', 'B299MIVJ829PC01', 'F4-A8-0D-FF-CD-39', '', 193, 2, NULL),
(194, 'LENOVO', 'THINKPAD L14 GEN 3 AMD', 'PW06BWJS', 'B299AIBI94CPC01', 'F4-A8-0D-GG-EF-5B', '', 194, 2, NULL),
(195, 'LENOVO', 'THINKPAD L14 GEN 3 AMD', 'PW061NFW', 'B299TOSK9289C01', 'F4-A8-0D-HH-01-7D', '', 195, 2, NULL),
(196, 'LENOVO', 'THINKPAD L14 GEN 3 AMD', 'PW061P3B', 'B299EASG89BKC01', 'F4-A8-0D-II-23-9F', '', 196, 2, NULL),
(197, 'LENOVO', 'THINKPAD L14 GEN 3 AMD', 'PW061NGZ', 'B299HEBJ803BC01', 'F4-A8-0D-JJ-45-B1', '', 197, 2, NULL),
(198, 'LENOVO', 'THINKPAD L14 GEN 3 AMD', 'PW061MBX', 'B299SAMC886UC01', 'F4-A8-0D-KK-67-D3', '', 198, 2, NULL),
(199, 'LENOVO', 'THINKPAD L14 GEN 3 AMD', 'PW0633Y1', 'B299MACA981PC01', 'F4-A8-0D-LL-89-F5', '', 199, 2, NULL),
(200, 'LENOVO', 'THINKPAD L14 GEN 3 AMD', 'PW0637DV', 'B299OIEA0164C01', 'F4-A8-0D-MM-AB-17', '', 200, 2, NULL),
(201, 'LENOVO', 'THINKPAD L14 GEN 3 AMD', 'PW0633LR', 'B299AIGE95CNC01', 'F4-A8-0D-NN-CD-39', '', 201, 2, NULL),
(202, 'LENOVO', 'THINKPAD L14 GEN 3 AMD', 'PW0633HS', 'B299EISA9992C01', 'F4-A8-0D-OO-EF-5B', '', 202, 2, NULL),
(203, 'LENOVO', 'THINKPAD L14 GEN 3 AMD', 'PW061Q5Y', 'B299CAFC951EC01', 'F4-A8-0D-PP-01-7D', '', 203, 2, NULL),
(204, 'LENOVO', 'THINKPAD L14 GEN 3 AMD', 'PW06BVZL', 'B299VAPO71CAC01', 'F4-A8-0D-QQ-23-9F', '', 204, 2, NULL),
(205, 'LENOVO', 'THINKPAD L14 GEN 3 AMD', 'PW061K4L5', 'B299MIMA984NC01', 'F4-A8-0D-RR-45-B1', '', 205, 2, NULL),
(206, 'LENOVO', 'THINKPAD L14 GEN 3 AMD', 'PW061M6N7', 'B299CASR988NC01', 'F4-A8-0D-SS-67-D3', '', 206, 2, NULL),
(207, 'LENOVO', 'THINKPAD L14 GEN 3 AMD', 'PW061O8P9', 'B299TOBI991AC01', 'F4-A8-0D-TT-89-F5', '', 207, 2, NULL),
(208, 'LENOVO', 'THINKPAD L14 GEN 3 AMD', 'PW06BE8J', 'B299LOAR728UC01', 'F4-A8-0D-UU-AB-17', '', 208, 2, NULL),
(209, 'LENOVO', 'THINKPAD L14 GEN 3 AMD', 'PW06BRJF', 'B299ROGV81AHC01', 'F4-A8-0D-VV-CD-39', '', 209, 2, NULL),
(210, 'LENOVO', 'THINKPAD L14 GEN 3 AMD', 'PW061MVR', 'B299SALN743JC01', 'F4-A8-0D-WW-EF-5B', '', 210, 2, NULL),
(211, 'LENOVO', 'THINKPAD L14 GEN 3 AMD', 'PW061MTQ', 'B299RAGA8899C01', 'F4-A8-0D-XX-01-7D', '', 211, 2, NULL),
(212, 'LENOVO', 'THINKPAD L14 GEN 3 AMD', 'PW063FKP', 'B299AACD962DC01', 'F4-A8-0D-YY-23-9F', '', 212, 2, NULL),
(213, 'LENOVO', 'THINKPAD L14 GEN 3 AMD', 'PW06BRAD', 'B299GAMZ952JC01', 'F4-A8-0D-ZZ-45-B1', '', 213, 2, NULL),
(214, 'LENOVO', 'THINKPAD L14 GEN 3 AMD', 'PW0627W5', 'B299PAMP902JC01', 'F4-A8-0D-11-67-D3', '', 214, 2, NULL),
(215, 'LENOVO', 'THINKPAD L14 GEN 3 AMD', 'PW0637LH', 'B299PECA005QC01', 'F4-A8-0D-22-89-F5', '', 215, 2, NULL),
(216, 'LENOVO', 'THINKPAD L14 GEN 3 AMD', 'PW063V0S', 'B299AALG91BBC01', 'F4-A8-0D-33-AB-17', '', 216, 2, NULL),
(217, 'LENOVO', 'THINKPAD L14 GEN 3 AMD', 'PW061NG1', 'B299MACR7715C01', 'F4-A8-0D-44-CD-39', '', 217, 2, NULL),
(218, 'LENOVO', 'THINKPAD L14 GEN 3 AMD', 'PW0633KS', 'B299GOJC704SC01', 'F4-A8-0D-55-EF-5B', '', 218, 2, NULL),
(219, 'LENOVO', 'THINKPAD L14 GEN 3 AMD', 'PW061MDY', 'B299MEGD985CC01', 'F4-A8-0D-66-01-7D', '', 219, 2, NULL),
(220, 'LENOVO', 'THINKPAD L14 GEN 3 AMD', 'PW0633KV', 'B299LOOJ983EC01', 'F4-A8-0D-77-23-9F', '', 220, 2, NULL),
(221, 'LENOVO', 'THINKPAD L14 GEN 3 AMD', 'PW061NGC', 'B299NARE598MC01', 'F4-A8-0D-88-45-B1', '', 221, 2, NULL),
(222, 'LENOVO', 'THINKPAD L14 GEN 3 AMD', 'PW063BG1', 'B299OECJ7868C01', 'F4-A8-0D-99-67-D3', '', 222, 2, NULL),
(223, 'LENOVO', 'THINKPAD L14 GEN 3 AMD', 'PW0627VS', 'B299CECR0091C01', 'F4-A8-0D-1A-89-F5', '', 223, 2, NULL),
(224, 'LENOVO', 'THINKPAD L14 GEN 3 AMD', 'PW063G0K', 'B299SOGJ9328C01', 'F4-A8-0D-1B-AB-17', '', 224, 2, NULL),
(225, 'LENOVO', 'THINKPAD L14 GEN 3 AMD', 'PW061Q0M', 'B299OEAA718UC01', 'F4-A8-0D-1C-CD-39', '', 225, 2, NULL),
(226, 'LENOVO', 'THINKPAD L14 GEN 3 AMD', 'PW061Q32', 'B299VECE727MC01', 'F4-A8-0D-1D-EF-5B', '', 226, 2, NULL),
(227, 'LENOVO', 'THINKPAD L14 GEN 3 AMD', 'PW061MBR', 'B299HELE9361C01', 'F4-A8-0D-1E-01-7D', '', 227, 2, NULL),
(228, 'LENOVO', 'THINKPAD L14 GEN 3 AMD', 'PW061MRZ', 'B299MERI6778C01', 'F4-A8-0D-1F-23-9F', '', 228, 2, NULL),
(229, 'LENOVO', 'THINKPAD L14 GEN 3 AMD', 'PW061NG6', 'B299EERP9147C01', 'F4-A8-0D-1G-45-B1', '', 229, 2, NULL),
(230, 'LENOVO', 'THINKPAD L14 GEN 3 AMD', 'PW061MTG', 'B299NIAM685EC01', 'F4-A8-0D-1H-67-D3', '', 230, 2, NULL),
(231, 'LENOVO', 'THINKPAD L14 GEN 3 AMD', 'PW061Q48', 'B299VAVL81CUC01', 'F4-A8-0D-1I-89-F5', '', 231, 2, NULL),
(232, 'LENOVO', 'THINKPAD L14 GEN 3 AMD', 'PW0626W9', 'B299RORM832QC01', 'F4-A8-0D-1J-AB-17', '', 232, 2, NULL),
(233, 'LENOVO', 'THINKPAD L14 GEN 3 AMD', 'PW0633XD', 'B299DITO875FC01', 'F4-A8-0D-1K-CD-39', '', 233, 2, NULL),
(234, 'LENOVO', 'THINKPAD L14 GEN 3 AMD', 'PW0638SW', 'B299IARM706AC01', 'F4-A8-0D-1L-EF-5B', '', 234, 2, NULL),
(235, 'LENOVO', 'THINKPAD L14 GEN 3 AMD', 'PW06BWGG', 'B299CAGD879GC01', 'F4-A8-0D-1M-01-7D', '', 235, 2, NULL),
(236, 'LENOVO', 'THINKPAD L14 GEN 3 AMD', 'PW061N3C', 'B299NIAR728RC01', 'F4-A8-0D-1N-23-9F', '', 236, 2, NULL),
(237, 'LENOVO', 'THINKPAD L14 GEN 3 AMD', 'PW06BWCE', 'B299GAPR911FC01', 'F4-A8-0D-1O-45-B1', '', 237, 2, NULL),
(238, 'LENOVO', 'THINKPAD L14 GEN 3 AMD', 'PW061MHV', 'B299SAME783OC01', 'F4-A8-0D-1P-67-D3', '', 238, 2, NULL),
(239, 'LENOVO', 'THINKPAD L14 GEN 3 AMD', 'PW061Q5S', 'B299UAPR679AC01', 'F4-A8-0D-1Q-89-F5', '', 239, 2, NULL),
(240, 'LENOVO', 'THINKPAD L14 GEN 3 AMD', 'PW061NG2', 'B299CUBM6884C01', 'F4-A8-0D-1R-AB-17', '', 240, 2, NULL),
(241, 'LENOVO', 'THINKPAD L14 GEN 3 AMD', 'PW061PXB', 'B299AALS71AAC01', 'F4-A8-0D-1S-CD-39', '', 241, 2, NULL),
(242, 'LENOVO', 'THINKPAD L14 GEN 3 AMD', 'PW06BFBK', 'B299GACL918PC01', 'F4-A8-0D-1T-EF-5B', '', 242, 2, NULL),
(243, 'LENOVO', 'THINKPAD L14 GEN 3 AMD', 'PW06BTMH', 'B299AOGK9593C01', 'F4-A8-0D-1U-01-7D', '', 243, 2, NULL),
(244, 'LENOVO', 'THINKPAD L14 GEN 3 AMD', 'PW061NNW', 'B299HUAA941HC01', 'F4-A8-0D-1V-23-9F', '', 244, 2, NULL),
(245, 'LENOVO', 'THINKPAD L14 GEN 3 AMD', 'PW061MHE', 'B299HEMA9051C01', 'F4-A8-0D-1W-45-B1', '', 245, 2, NULL),
(246, 'LENOVO', 'THINKPAD L14 GEN 3 AMD', 'PW06BTGD', 'B299PAGZ937EC01', 'F4-A8-0D-1X-67-D3', '', 246, 2, NULL),
(247, 'LENOVO', 'THINKPAD L14 GEN 3 AMD', 'PW06BX9B', 'B299AALJ86ASC01', 'F4-A8-0D-1Y-89-F5', '', 247, 2, NULL),
(248, 'LENOVO', 'THINKPAD L14 GEN 3 AMD', 'PW061P08', 'B299GACF7351C01', 'F4-A8-0D-1Z-AB-17', '', 248, 2, NULL),
(249, 'LENOVO', 'THINKPAD L14 GEN 3 AMD', 'PW061MBG', 'B299GOMY777OC01', 'F4-A8-0D-56-1A-39', '', 249, 2, NULL),
(250, 'LENOVO', 'THINKPAD L14 GEN 3 AMD', 'PW06BVD1', 'B299VABL963BC01', 'F4-A8-0D-78-1B-5B', '', 250, 2, NULL),
(251, 'LENOVO', 'THINKPAD L14 GEN 3 AMD', 'PW06BW2C', 'B299RUPO801IC01', 'F4-A8-0D-9A-1C-7D', '', 251, 2, NULL),
(252, 'LENOVO', 'THINKPAD L14 GEN 3 AMD', 'PW061P9Q0', 'B299CARG687BC01', 'F4-A8-0D-BC-1D-9F', '', 252, 2, NULL),
(253, 'LENOVO', 'THINKPAD L14 GEN 3 AMD', 'PW061NH1', 'B299JOAR946JC01', 'F4-A8-0D-DE-1E-B1', '', 253, 2, NULL),
(254, 'LENOVO', 'THINKPAD L14 GEN 3 AMD', 'PW061Q3K', 'B299TOCN62CHC01', 'F4-A8-0D-F0-1F-D3', '', 254, 2, NULL),
(255, 'LENOVO', 'THINKPAD L14 GEN 3 AMD', 'PW063F17', 'B299LOJM987LC01', 'F4-A8-0D-12-1G-F5', '', 255, 2, NULL),
(256, 'LENOVO', 'THINKPAD L14 GEN 3 AMD', 'PW061R2S3', 'B299LOZY887CC01', 'F4-A8-0D-34-1H-17', '', 256, 2, NULL),
(257, 'LENOVO', 'THINKPAD L14 GEN 3 AMD', 'PW0626XC', 'B299SAZC698KC01', 'F4-A8-0D-56-1I-39', '', 257, 2, NULL),
(258, 'LENOVO', 'THINKPAD L14 GEN 3 AMD', 'PW06BFGW', 'B299AEAG836KC01', 'F4-A8-0D-78-1J-5B', '', 258, 2, NULL),
(259, 'LENOVO', 'THINKPAD L14 GEN 3 AMD', 'PW06CH9S', 'B299RIHS9569C01', 'F4-A8-0D-9A-1K-7D', '', 259, 2, NULL),
(260, 'LENOVO', 'THINKPAD L14 GEN 3 AMD', 'PW062Z08', 'B299OUGP00CCC01', 'F4-A8-0D-BC-1L-9F', '', 260, 2, NULL),
(261, 'LENOVO', 'THINKPAD L14 GEN 3 AMD', 'PW06BRA8', 'B299SASE87C7C01', 'F4-A8-0D-DE-1M-B1', '', 261, 2, NULL),
(262, 'LENOVO', 'THINKPAD L14 GEN 3 AMD', 'PW063E6K', 'B299SAGV9077C01', 'F4-A8-0D-F0-1N-D3', '', 262, 2, NULL),
(263, 'LENOVO', 'THINKPAD L14 GEN 3 AMD', 'PW061NQQ', 'B299CAEB71A5C01', 'F4-A8-0D-12-1O-F5', '', 263, 2, NULL),
(264, 'LENOVO', 'THINKPAD L14 GEN 3 AMD', 'PW061PTV', 'B299ZASB8366C01', 'F4-A8-0D-34-1P-17', '', 264, 2, NULL),
(265, 'LENOVO', 'THINKPAD L14 GEN 3 AMD', 'PW061T4U5', 'B299CAGD96A7C01', 'F4-A8-0D-56-1Q-39', '', 265, 2, NULL),
(266, 'LENOVO', 'THINKPAD L14 GEN 3 AMD', 'PW061ME0', 'B299ROPI728CC01', 'F4-A8-0D-78-1R-5B', '', 266, 2, NULL),
(267, 'LENOVO', 'THINKPAD L14 GEN 3 AMD', 'PW061Q25', 'B299RATE925HC01', 'F4-A8-0D-9A-1S-7D', '', 267, 2, NULL),
(268, 'LENOVO', 'THINKPAD L14 GEN 3 AMD', 'PW062XT8', 'B299HEMA915EC01', 'F4-A8-0D-BC-1T-9F', '', 268, 2, NULL),
(269, 'LENOVO', 'THINKPAD L14 GEN 3 AMD', 'PW06BEAS', 'B299CUCA01CIC01', 'F4-A8-0D-DE-1U-B1', '', 269, 2, NULL),
(270, 'LENOVO', 'THINKPAD L14 GEN 3 AMD', 'PW061QEH', 'B299ROSX6847C01', 'F4-A8-0D-F0-1V-D3', '', 270, 2, NULL),
(271, 'LENOVO', 'THINKPAD L14 GEN 3 AMD', 'PW06BWVC', 'B299HODM99BQC01', 'F4-A8-0D-12-1W-F5', '', 271, 2, NULL),
(272, 'LENOVO', 'THINKPAD L14 GEN 3 AMD', 'PW061NKW', 'B299OIAC00AMC01', 'F4-A8-0D-34-1X-17', '', 272, 2, NULL),
(273, 'LENOVO', 'THINKPAD L14 GEN 3 AMD', 'PW061QJ4', 'B299LOMJ947IC01', 'F4-A8-0D-56-1Y-39', '', 273, 2, NULL),
(274, 'LENOVO', 'THINKPAD L14 GEN 3 AMD', 'PW061PV2', 'B299CAMR961AC01', 'F4-A8-0D-78-1Z-5B', '', 274, 2, NULL),
(275, 'LENOVO', 'THINKPAD L14 GEN 3 AMD', 'PW061NJ7', 'B299VAVD942MC01', 'F4-A8-0D-3A-01-7D', '', 275, 2, NULL),
(276, 'LENOVO', 'THINKPAD L14 GEN 3 AMD', 'PW062YVH', 'B299MAVL701AC01', 'F4-A8-0D-3B-23-9F', '', 276, 2, NULL),
(277, 'LENOVO', 'THINKPAD L14 GEN 3 AMD', 'PW062XJK', 'B299SAFA991AC01', 'F4-A8-0D-3C-45-B1', '', 277, 2, NULL),
(278, 'LENOVO', 'THINKPAD L14 GEN 3 AMD', 'PW06BRMP', 'B299HEJB8877C01', 'F4-A8-0D-3D-67-D3', '', 278, 2, NULL),
(279, 'LENOVO', 'THINKPAD L14 GEN 3 AMD', 'PW061PVL', 'B299ROAA919HC01', 'F4-A8-0D-3E-89-F5', '', 279, 2, NULL),
(280, 'LENOVO', 'THINKPAD L14 GEN 3 AMD', 'PW06CHTG', 'B299REFD7142C01', 'F4-A8-0D-3F-AB-17', '', 280, 2, NULL),
(281, 'LENOVO', 'THINKPAD L14 GEN 3 AMD', 'PW061NWN', 'B299JIRD67AIC01', 'F4-A8-0D-3G-CD-39', '', 281, 2, NULL),
(282, 'LENOVO', 'THINKPAD L14 GEN 3 AMD', 'PW063FTX', 'B299MOHO6414C01', 'F4-A8-0D-3H-EF-5B', '', 282, 2, NULL),
(283, 'LENOVO', 'THINKPAD L14 GEN 3 AMD', 'PW061ME2', 'B299SAAC6889C01', 'F4-A8-0D-3I-01-7D', '', 283, 2, NULL),
(284, 'LENOVO', 'THINKPAD L14 GEN 3 AMD', 'PW061U6V7', 'B299AEMA92C2C01', 'F4-A8-0D-3J-23-9F', '', 284, 2, NULL),
(285, 'LENOVO', 'THINKPAD L14 GEN 3 AMD', 'PW063V8X', 'B299MARC755FC01', 'F4-A8-0D-3K-45-B1', '', 285, 2, NULL),
(286, 'LENOVO', 'THINKPAD L14 GEN 3 AMD', 'PW062YH9', 'B299COHU986LC01', 'F4-A8-0D-3L-67-D3', '', 286, 2, NULL),
(287, 'LENOVO', 'THINKPAD L14 GEN 3 AMD', 'PW0627E0', 'B299LOHE884FC01', 'F4-A8-0D-3M-89-F5', '', 287, 2, NULL),
(288, 'LENOVO', 'THINKPAD L14 GEN 3 AMD', 'PW061PX3', 'B299PEMG72CIC01', 'F4-A8-0D-3N-AB-17', '', 288, 2, NULL),
(289, 'LENOVO', 'THINKPAD L14 GEN 3 AMD', 'PW061P29', 'B299RACN73BDC01', 'F4-A8-0D-3O-CD-39', '', 289, 2, NULL),
(290, 'LENOVO', 'THINKPAD L14 GEN 3 AMD', 'PW0627WL', 'B299VEVB993SC01', 'F4-A8-0D-3P-EF-5B', '', 290, 2, NULL),
(291, 'LENOVO', 'THINKPAD L14 GEN 3 AMD', 'PW06BVPM', 'B299VARC96ACC01', 'F4-A8-0D-3Q-01-HZ', '', 291, 2, NULL),
(292, 'LENOVO', 'THINKPAD L14 GEN 3 AMD', 'PW061W8X9', 'B299RABJ918TC01', 'F4-A8-0D-3R-23-HY', '', 292, 2, NULL),
(293, 'LENOVO', 'THINKPAD L14 GEN 3 AMD', 'PW061Y0Z1', 'B299HELA952IC01', 'F4-A8-0D-3S-45-HX', '', 293, 2, NULL),
(294, 'LENOVO', 'THINKPAD L14 GEN 3 AMD', 'PW061MCL', 'B299REST8383C01', 'F4-A8-0D-3T-67-HW', '', 294, 2, NULL),
(295, 'LENOVO', 'THINKPAD L14 GEN 3 AMD', 'PW062729', 'B299MELR98AMC01', 'F4-A8-0D-3U-89-HV', '', 295, 2, NULL),
(296, 'LENOVO', 'THINKPAD L14 GEN 3 AMD', 'PW063BXZ', 'B299MAVC74C2C01', 'F4-A8-0D-3V-AB-HU', '', 296, 2, NULL),
(297, 'LENOVO', 'THINKPAD L14 GEN 3 AMD', 'PW061Q14', 'B299MOGE76CNC01', 'F4-A8-0D-3W-CD-HT', '', 297, 2, NULL),
(298, 'LENOVO', 'THINKPAD L14 GEN 3 AMD', 'PW062YGG', 'B299VELA7255C01', 'F4-A8-0D-3X-EF-HS', '', 298, 2, NULL),
(299, 'LENOVO', 'THINKPAD L14 GEN 3 AMD', 'PW06BRJ1', 'B299ROMK959FC01', 'F4-A8-0D-3X-01-HR', '', 299, 2, NULL),
(300, 'LENOVO', 'THINKPAD L14 GEN 3 AMD', 'PW063BEL', 'B299ZAOA795UC01', 'F4-A8-0D-3Z-23-HQ', '', 300, 2, NULL),
(301, 'LENOVO', 'THINKPAD L14 GEN 3 AMD', 'PW061PWE', 'B299JIGA737UC01', 'F4-A8-0D-DE-45-HP', '', 301, 2, NULL),
(302, 'LENOVO', 'THINKPAD L14 GEN 3 AMD', 'PW061Z2A3', 'B299HESG86A6C01', 'F4-A8-0D-F0-67-HO', '', 302, 2, NULL),
(303, 'LENOVO', 'THINKPAD L14 GEN 3 AMD', 'PW061Q21', 'B299FOOE745AC01', 'F4-A8-0D-12-89-HN', '', 303, 2, NULL),
(304, 'LENOVO', 'THINKPAD L14 GEN 3 AMD', 'PW0E6M3N', 'B299VAMC9577C01', 'F4-A8-0D-34-AB-HM', '', 304, 2, NULL),
(305, 'LENOVO', 'THINKPAD L14 GEN 3 AMD', 'PW061PWY', 'B299ROOR95AUC01', 'F4-A8-0D-56-CD-HL', '', 305, 2, NULL),
(306, 'LENOVO', 'THINKPAD L14 GEN 3 AMD', 'PW061NG5', 'B299PAMA851LC01', 'F4-A8-0D-78-EF-HK', '', 306, 2, NULL),
(307, 'LENOVO', 'THINKPAD L14 GEN 3 AMD', 'PW061P0M', 'B299AUGH811NC01', 'F4-A8-0D-9A-01-HJ', '', 307, 2, NULL),
(308, 'LENOVO', 'THINKPAD L14 GEN 3 AMD', 'PW062YH6', 'B299UELL978NC01', 'F4-A8-0D-BC-23-HI', '', 308, 2, NULL),
(309, 'LENOVO', 'THINKPAD L14 GEN 3 AMD', 'PW061Q3X', 'B299CABC702FC01', 'F4-A8-0D-DE-45-HH', '', 309, 2, NULL),
(310, 'LENOVO', 'THINKPAD L14 GEN 3 AMD', 'PW061PZD', 'B299OIDL90ABC01', 'F4-A8-0D-F0-67-HG', '', 310, 2, NULL),
(311, 'LENOVO', 'THINKPAD L14 GEN 3 AMD', 'PW062XKN', 'B299AIBB75A3C01', 'F4-A8-0D-12-89-HF', '', 311, 2, NULL),
(312, 'LENOVO', 'THINKPAD L14 GEN 3 AMD', 'PW061MC1', 'B299MEFZ92AQC01', 'F4-A8-0D-34-AB-HE', '', 312, 2, NULL),
(313, 'LENOVO', 'THINKPAD L14 GEN 3 AMD', 'PW061A4B5', 'B299LAGM746TC01', 'F4-A8-0D-56-CD-HD', '', 313, 2, NULL),
(314, 'LENOVO', 'THINKPAD L14 GEN 3 AMD', 'PW061Q65', 'B299TERD716EC01', 'F4-A8-0D-78-EF-HC', '', 314, 2, NULL),
(315, 'LENOVO', 'THINKPAD L14 GEN 3 AMD', 'PW0633ZN', 'B299RIRS721KC01', 'F4-A8-0D-9A-01-HB', '', 315, 2, NULL),
(316, 'LENOVO', 'THINKPAD L14 GEN 3 AMD', 'PW06BRT7', 'B299GAJC6379C01', 'F4-A8-0D-BC-23-HA', '', 316, 2, NULL),
(317, 'LENOVO', 'THINKPAD L14 GEN 3 AMD', 'PW0626XP', 'B299UEMK8844C01', 'F4-A8-0D-DE-45-U9', '', 317, 2, NULL),
(318, 'LENOVO', 'THINKPAD L14 GEN 3 AMD', 'PW0E8J5D', 'B299COCJ9873C01', 'F4-A8-0D-F0-67-U8', '', 318, 2, NULL),
(319, 'LENOVO', 'THINKPAD L14 GEN 3 AMD', 'PW061Q5A', 'B299SACA91BAC01', 'F4-A8-0D-12-89-U7', '', 319, 2, NULL),
(320, 'LENOVO', 'THINKPAD L14 GEN 3 AMD', 'PW061PX5', 'B299REGE70ANC01', 'F4-A8-0D-34-AB-U6', '', 320, 2, NULL),
(321, 'LENOVO', 'THINKPAD L14 GEN 3 AMD', 'PW061B6C7', 'B299CURR996HC01', 'F4-A8-0D-56-CD-U5', '', 321, 2, NULL),
(322, 'LENOVO', 'THINKPAD L14 GEN 3 AMD', 'PW061D8E9', 'B299REML86BHC01', 'F4-A8-0D-78-EF-U4', '', 322, 2, NULL),
(323, 'LENOVO', 'THINKPAD L14 GEN 3 AMD', 'PW061P0P', 'B299CARL9364C01', 'F4-A8-0D-9A-01-U3', '', 323, 2, NULL),
(324, 'LENOVO', 'THINKPAD L14 GEN 3 AMD', 'PW061PRY', 'B299RIAB921QC01', 'F4-A8-0D-BC-23-U2', '', 324, 2, NULL),
(325, 'LENOVO', 'THINKPAD L14 GEN 3 AMD', 'PW0626W6', 'B299OEDL81A5C01', 'F4-A8-0D-DE-45-U1', '', 325, 2, NULL),
(326, 'LENOVO', 'THINKPAD L14 GEN 3 AMD', 'PW0626RV', 'B299ROGA894QC01', 'F4-A8-0D-F0-67-H9', '', 326, 2, NULL),
(327, 'LENOVO', 'THINKPAD L14 GEN 3 AMD', 'PW061PRZ', 'B299VIPD952SC01', 'F4-A8-0D-12-89-H8', '', 327, 2, NULL),
(328, 'LENOVO', 'THINKPAD L14 GEN 3 AMD', 'PW061NLP', 'B299BEHJ6196C01', 'F4-A8-0D-34-AB-H7', '', 328, 2, NULL),
(329, 'LENOVO', 'THINKPAD L14 GEN 3 AMD', 'PW061M8H', 'B299PIMD9461C01', 'F4-A8-0D-56-CD-H6', '', 329, 2, NULL),
(330, 'LENOVO', 'THINKPAD L14 GEN 3 AMD', 'PW061Q1H', 'B299MERT739PC01', 'F4-A8-0D-78-EF-H5', '', 330, 2, NULL),
(331, 'LENOVO', 'THINKPAD L14 GEN 3 AMD', 'PW061Q9Z', 'B299HESL978IC01', 'F4-A8-0D-9A-01-H4', '', 331, 2, NULL),
(332, 'LENOVO', 'THINKPAD L14 GEN 3 AMD', 'PW061F0G1', 'B299PEAJ803HC01', 'F4-A8-0D-BC-23-H3', '', 332, 2, NULL),
(333, 'LENOVO', 'THINKPAD L14 GEN 3 AMD', 'PW06BFDX', 'B299GOCE949HC01', 'F4-A8-0D-DE-45-H2', '', 333, 2, NULL),
(334, 'LENOVO', 'THINKPAD L14 GEN 3 AMD', 'PW061PXX', 'B299ROPT926TC01', 'F4-A8-0D-F0-67-H1', '', 334, 2, NULL),
(335, 'LENOVO', 'THINKPAD L14 GEN 3 AMD', 'PW061Q03', 'B299DIRC836DC01', 'F4-A8-0D-12-89-ZZ', '', 335, 2, NULL),
(336, 'LENOVO', 'THINKPAD L14 GEN 3 AMD', 'PW061Q2Y', 'B299GONG7303C01', 'F4-A8-0D-34-AB-ZY', '', 336, 2, NULL),
(337, 'LENOVO', 'THINKPAD L14 GEN 3 AMD', 'PW061NQD', 'B299LORL776SC01', 'F4-A8-0D-56-CD-ZX', '', 337, 2, NULL),
(338, 'LENOVO', 'THINKPAD L14 GEN 3 AMD', 'PW061NZG', 'B299RUHF62C9C01', 'F4-A8-0D-78-EF-ZW', '', 338, 2, NULL),
(339, 'LENOVO', 'THINKPAD L14 GEN 3 AMD', 'PW061MAM', 'B299MEPA977FC01', 'F4-A8-0D-9A-01-ZV', '', 339, 2, NULL),
(340, 'LENOVO', 'THINKPAD L14 GEN 3 AMD', 'PW062TVQ', 'B299EARG798BC01', 'F4-A8-0D-BC-23-ZU', '', 340, 2, NULL),
(341, 'LENOVO', 'THINKPAD L14 GEN 3 AMD', 'PW06Q2S8', 'B299OOTL84C1C01', 'F4-A8-0D-DE-45-ZT', '', 341, 2, NULL),
(342, 'LENOVO', 'THINKPAD L14 GEN 3 AMD', 'PW065F84', 'B299MODM939JC01', 'F4-A8-0D-F0-67-ZS', '', 342, 2, NULL),
(343, 'LENOVO', 'THINKPAD L14 GEN 3 AMD', 'PW062YBK', 'B299PEOE726LC01', 'F4-A8-0D-12-89-ZR', '', 343, 2, NULL),
(344, 'LENOVO', 'THINKPAD L14 GEN 3 AMD', 'PW062YBR', 'B299PARI634MC01', 'F4-A8-0D-34-AB-ZQ', '', 344, 2, NULL),
(345, 'LENOVO', 'THINKPAD L14 GEN 3 AMD', 'PW062818', 'B299AIGM987BC01', 'F4-A8-0D-56-CD-ZP', '', 345, 2, NULL),
(346, 'LENOVO', 'THINKPAD L14 GEN 3 AMD', 'PW061P1L', 'B299BEMD97AQC01', 'F4-A8-0D-78-EF-ZO', '', 346, 2, NULL),
(347, 'LENOVO', 'THINKPAD L14 GEN 3 AMD', 'PW061NG9', 'B299AACK775HC01', 'F4-A8-0D-9A-01-ZN', '', 347, 2, NULL),
(348, 'LENOVO', 'THINKPAD L14 GEN 3 AMD', 'PW063BN5', 'B299JAVK0072C01', 'F4-A8-0D-BC-23-ZM', '', 348, 2, NULL),
(349, 'LENOVO', 'THINKPAD L14 GEN 3 AMD', 'PW061G2H3', 'B299HGSA86AOC01', 'F4-A8-0D-DE-45-ZL', '', 349, 2, NULL),
(350, 'LENOVO', 'THINKPAD L14 GEN 3 AMD', 'PW06BX6Q', 'B299MOCH953PC01', 'F4-A8-0D-F0-67-ZK', '', 350, 2, NULL),
(351, 'LENOVO', 'THINKPAD L14 GEN 3 AMD', 'PW062YGZ', 'B299OEMH833AC01', 'F4-A8-0D-12-89-ZJ', '', 351, 2, NULL),
(352, 'LENOVO', 'THINKPAD L14 GEN 3 AMD', 'PW06BVK3', 'B299RAJE741TC01', 'F4-A8-0D-34-AB-ZI', '', 352, 2, NULL),
(353, 'LENOVO', 'THINKPAD L14 GEN 3 AMD', 'PW061PYE', 'B299CURE8061C01', 'F4-A8-0D-56-CD-ZH', '', 353, 2, NULL),
(354, 'LENOVO', 'THINKPAD L14 GEN 3 AMD', 'PW063FZP', 'B299SACA7374C01', 'F4-A8-0D-78-EF-ZG', '', 354, 2, NULL),
(355, 'LENOVO', 'THINKPAD L14 GEN 3 AMD', 'PW061H4J5', 'B299VAFA6891C01', 'F4-A8-0D-9A-01-ZF', '', 355, 2, NULL),
(356, 'LENOVO', 'THINKPAD L14 GEN 3 AMD', 'PW061MGH', 'B299VETR8957C01', 'F4-A8-0D-BC-23-ZE', '', 356, 2, NULL),
(357, 'LENOVO', 'THINKPAD L14 GEN 3 AMD', 'PW063BG8', 'B299GAMJ552GC01', 'F4-A8-0D-DE-45-ZD', '', 357, 2, NULL),
(358, 'LENOVO', 'THINKPAD L14 GEN 3 AMD', 'PW061NX9', 'B299AEBM725VC01', 'F4-A8-0D-F0-67-ZC', '', 358, 2, NULL),
(359, 'LENOVO', 'THINKPAD L14 GEN 3 AMD', 'PW063BND', 'B299LUCS61C9C01', 'F4-A8-0D-12-89-ZB', '', 359, 2, NULL),
(360, 'LENOVO', 'THINKPAD L14 GEN 3 AMD', 'PW06BFAJ', 'B299EIOM9197C01', 'F4-A8-0D-34-AB-ZA', '', 360, 2, NULL),
(361, 'PRUEBA', 'PRUEBA', 'PW061P2V', 'B299MOVY80CGC01', 'F4-A8-0D-85-2B-22', 'D-17', 368, 2, NULL),
(362, 'PRUEBA 2', 'PRUEBA 2', 'PW061P9H', 'B299RUDS72BDC01', 'F4-A8-0D-86-92-5D', 'D-20', NULL, 1, '3.3.3.3'),
(363, 'LENOVO', 'THINKPAD L14 GEN 3 AMD', 'PW065FSY', 'B299AEFG71A9C01', 'F4-A8-0D-88-F9-44', 'D141', NULL, 2, NULL),
(364, 'LENOVO', 'THINKPAD L14 GEN 3 AMD', 'PW06BSAQ', 'B299NAGP86B8C01', 'F4-A8-0D-8B-EC-A4', 'D-273', NULL, 2, NULL);

-- --------------------------------------------------------

--
-- Table structure for table `restablecer_pass`
--

CREATE TABLE IF NOT EXISTS `restablecer_pass` (
  `id` int NOT NULL AUTO_INCREMENT,
  `correo` varchar(255) NOT NULL,
  `token` varchar(128) NOT NULL,
  `expira_en` datetime NOT NULL,
  `creado_en` datetime DEFAULT CURRENT_TIMESTAMP,
  PRIMARY KEY (`id`),
  KEY `token` (`token`),
  KEY `correo` (`correo`)
) ENGINE=InnoDB;

-- --------------------------------------------------------

--
-- Table structure for table `usuarios`
--

CREATE TABLE IF NOT EXISTS `usuarios` (
  `id_usuario` int NOT NULL AUTO_INCREMENT,
  `nombre` varchar(100) NOT NULL,
  `apellidos` varchar(100) NOT NULL,
  `rfc` varchar(20) NOT NULL,
  `rfc_corto` varchar(20) NOT NULL,
  `n_empleado` int NOT NULL,
  `puesto` int DEFAULT NULL,
  `baja` int NOT NULL,
  `departamento` int NOT NULL,
  `area` int NOT NULL,
  `equipo_computo` int DEFAULT NULL,
  `descripcion_baja` varchar(500) DEFAULT NULL,
  PRIMARY KEY (`id_usuario`),
  KEY `areas_area_usuarios` (`area`),
  KEY `resguardos_equipo_computo_usuarios` (`equipo_computo`),
  KEY `departamentos_departamento_usuarios` (`departamento`),
  KEY `puestos_puesto_usuarios` (`puesto`)
) ENGINE=InnoDB AUTO_INCREMENT=7;

--
-- Dumping data for table `usuarios`
--

INSERT INTO `usuarios` (`id_usuario`, `nombre`, `apellidos`, `rfc`, `rfc_corto`, `n_empleado`, `puesto`, `baja`, `departamento`, `area`, `equipo_computo`, `descripcion_baja`) VALUES
(1, 'Guillermina', 'Allende Flores', 'AEFG71A9QWE', 'AEFG71A9', 10300, 4, 2, 1, 2, NULL, NULL),
(5, 'Pamela', 'Navarrete Garcia', 'NAGP86B8QWE', 'NAGP86B8', 163529, 4, 1, 1, 2, 362, 'Renuncia'),
(6, 'Emmanuel', 'Hernandez Hernandez', 'HEHE963F', 'HEHE963F', 196757, 4, 2, 1, 2, NULL, NULL);

--
-- Constraints for dumped tables
--

--
-- Constraints for table `colaboradores`
--
ALTER TABLE `colaboradores`
  ADD CONSTRAINT `areas_area_colaboradores` FOREIGN KEY (`area`) REFERENCES `areas` (`id_area`) ON DELETE RESTRICT ON UPDATE RESTRICT;

--
-- Constraints for table `departamentos`
--
ALTER TABLE `departamentos`
  ADD CONSTRAINT `areas_area_departamentos` FOREIGN KEY (`area`) REFERENCES `areas` (`id_area`);

--
-- Constraints for table `impresoras`
--
ALTER TABLE `impresoras`
  ADD CONSTRAINT `areas_area_impresoras` FOREIGN KEY (`area`) REFERENCES `areas` (`id_area`) ON DELETE RESTRICT ON UPDATE RESTRICT,
  ADD CONSTRAINT `departamentos_departamento_impresoras` FOREIGN KEY (`departamento`) REFERENCES `departamentos` (`id_departamento`) ON DELETE RESTRICT ON UPDATE RESTRICT,
  ADD CONSTRAINT `ips_ip_impresora_impresoras` FOREIGN KEY (`ip_impresora`) REFERENCES `ips` (`id_ip`) ON DELETE RESTRICT ON UPDATE RESTRICT;

--
-- Constraints for table `resguardos`
--
ALTER TABLE `resguardos`
  ADD CONSTRAINT `ips_ip_resguardos` FOREIGN KEY (`ip`) REFERENCES `ips` (`id_ip`);

--
-- Constraints for table `usuarios`
--
ALTER TABLE `usuarios`
  ADD CONSTRAINT `areas_area_usuarios` FOREIGN KEY (`area`) REFERENCES `areas` (`id_area`),
  ADD CONSTRAINT `departamentos_departamento_usuarios` FOREIGN KEY (`departamento`) REFERENCES `departamentos` (`id_departamento`),
  ADD CONSTRAINT `puestos_puesto_usuarios` FOREIGN KEY (`puesto`) REFERENCES `puestos` (`id_puesto`),
  ADD CONSTRAINT `resguardos_equipo_computo_usuarios` FOREIGN KEY (`equipo_computo`) REFERENCES `resguardos` (`id_resguardo`);
COMMIT;

/*!40101 SET CHARACTER_SET_CLIENT=@OLD_CHARACTER_SET_CLIENT */;
/*!40101 SET CHARACTER_SET_RESULTS=@OLD_CHARACTER_SET_RESULTS */;
/*!40101 SET COLLATION_CONNECTION=@OLD_COLLATION_CONNECTION */;
