-- phpMyAdmin SQL Dump
-- version 5.2.1
-- https://www.phpmyadmin.net/
--
-- Servidor: 127.0.0.1
-- Tiempo de generación: 07-11-2025 a las 03:22:57
-- Versión del servidor: 10.4.32-MariaDB
-- Versión de PHP: 8.2.12

SET SQL_MODE = "NO_AUTO_VALUE_ON_ZERO";
START TRANSACTION;
SET time_zone = "+00:00";


/*!40101 SET @OLD_CHARACTER_SET_CLIENT=@@CHARACTER_SET_CLIENT */;
/*!40101 SET @OLD_CHARACTER_SET_RESULTS=@@CHARACTER_SET_RESULTS */;
/*!40101 SET @OLD_COLLATION_CONNECTION=@@COLLATION_CONNECTION */;
/*!40101 SET NAMES utf8mb4 */;

--
-- Base de datos: `administrador_sat`
--

-- --------------------------------------------------------

--
-- Estructura de tabla para la tabla `areas`
--

CREATE TABLE `areas` (
  `id` int(11) NOT NULL,
  `nombre_area` varchar(100) NOT NULL
) ENGINE=InnoDB DEFAULT CHARSET=utf8mb4 COLLATE=utf8mb4_general_ci;

--
-- Volcado de datos para la tabla `areas`
--

INSERT INTO `areas` (`id`, `nombre_area`) VALUES
(1, 'Auditoria Fiscal Federal'),
(2, 'Juridica'),
(3, 'Recaudacion'),
(4, 'Servicio al contribuyente');

-- --------------------------------------------------------

--
-- Estructura de tabla para la tabla `colaboradores`
--

CREATE TABLE `colaboradores` (
  `id` int(11) NOT NULL,
  `nombre` varchar(100) NOT NULL,
  `apellidos` varchar(100) NOT NULL,
  `rfc` varchar(20) NOT NULL,
  `rfc_corto` varchar(20) NOT NULL,
  `correo_electronico` varchar(150) NOT NULL,
  `usuario` varchar(50) NOT NULL,
  `pass` text NOT NULL,
  `area` int(11) DEFAULT NULL,
  `administrador` int(11) DEFAULT NULL
) ENGINE=InnoDB DEFAULT CHARSET=utf8mb4 COLLATE=utf8mb4_general_ci;

--
-- Volcado de datos para la tabla `colaboradores`
--

INSERT INTO `colaboradores` (`id`, `nombre`, `apellidos`, `rfc`, `rfc_corto`, `correo_electronico`, `usuario`, `pass`, `area`, `administrador`) VALUES
(1, 'Misael', 'Juarez Aguilar', 'JUAM010420E79', 'JUAM010420', 'misael.juarez@sat.gob.mx', 'misael', '$2y$10$yqxQEpYeSy890GXn4gVox.IT2.1/SjQWMA7Kuj/rXuac7/GHxm2Na', NULL, 1),
(2, 'Luis', 'Torres Puebla', 'TOPL800101ABC', 'TOPL800101', 'luis.torres@sat.gob.mx', 'luis', '$2y$10$L8eqKQXKyCobHqltzt34f.UzqerdJ1cOla3TdpLRHmfGVtZbKtQ5G', NULL, 2),
(3, 'Karla', 'Guzman Gomez', 'GUGK850305DEF', 'GUGK850305', 'karla.guzman@sat.gob.mx', 'karla', '$2y$10$gh3hY836R8S1HtHhOIJOyer8OSsxgItTP31ZMIbyITyx1qgSf8Zw2', NULL, 1);

-- --------------------------------------------------------

--
-- Estructura de tabla para la tabla `impresoras`
--

CREATE TABLE `impresoras` (
  `id` int(11) NOT NULL,
  `n_serie` varchar(100) NOT NULL,
  `ip` varchar(50) NOT NULL,
  `nodo` varchar(100) NOT NULL,
  `area` int(11) DEFAULT NULL,
  `activo` int(11) NOT NULL DEFAULT 1
) ENGINE=InnoDB DEFAULT CHARSET=utf8mb4 COLLATE=utf8mb4_general_ci;

-- --------------------------------------------------------

--
-- Estructura de tabla para la tabla `ips`
--

CREATE TABLE `ips` (
  `id` int(11) NOT NULL,
  `ip` varchar(50) NOT NULL,
  `activo` int(11) NOT NULL DEFAULT 1
) ENGINE=InnoDB DEFAULT CHARSET=utf8mb4 COLLATE=utf8mb4_general_ci;

--
-- Volcado de datos para la tabla `ips`
--

INSERT INTO `ips` (`id`, `ip`, `activo`) VALUES
(1, '99.85.16.119', 1),
(2, '99.85.17.136', 1),
(3, '99.85.16.232', 1),
(4, '99.85.16.155', 1),
(5, '99.85.16.202', 1),
(6, '99.85.18.28', 1),
(7, '99.85.16.2', 2),
(8, '99.85.17.100', 1),
(9, '99.85.16.100', 1),
(10, '99.85.16.237', 1),
(11, '99.85.16.176', 1),
(12, '99.85.16.125', 1),
(13, '99.85.24.153', 1),
(14, '99.85.24.163', 1),
(15, '99.85.28.154', 1),
(16, '99.85.28.4', 1),
(17, '99.85.24.148', 1),
(18, '99.85.24.200', 1),
(19, '99.85.25.196', 1),
(20, '99.85.24.29', 1),
(21, '99.85.16.195', 1),
(22, '99.85.25.50', 1),
(23, '99.85.24.24', 1),
(24, '99.85.25.105', 1),
(25, '99.85.26.178', 1),
(26, '99.85.25.33', 1),
(27, '99.85.24.88', 1),
(28, '99.85.25.122', 1),
(29, '99.85.24.169', 1),
(30, '99.85.25.237', 1),
(31, '99.85.24.137', 1),
(32, '99.85.17.110', 1),
(33, '99.85.27.145', 1),
(34, '99.85.24.165', 1),
(35, '99.85.24.76', 1),
(36, '99.85.24.154', 1),
(37, '99.85.27.22', 1),
(38, '99.85.24.128', 1),
(39, '99.85.25.54', 1),
(40, '99.85.25.159', 1),
(41, '99.85.25.13', 1),
(42, '99.85.24.132', 1),
(43, '99.85.24.3', 2),
(44, '99.85.17.230', 1),
(45, '99.85.25.48', 1),
(46, '99.85.24.84', 1),
(47, '99.85.25.90', 1),
(48, '99.85.24.213', 1),
(49, '99.85.24.80', 1),
(50, '99.85.24.81', 1),
(51, '99.85.24.166', 1),
(52, '99.85.24.234', 1),
(53, '99.85.24.141', 1),
(54, '99.85.26.188', 1),
(55, '99.85.24.28', 1),
(56, '99.85.25.96', 1),
(57, '99.85.25.32', 1),
(58, '99.85.24.149', 1),
(59, '99.85.25.16', 1),
(60, '99.85.24.171', 1),
(61, '99.85.24.71', 1),
(62, '99.85.24.13', 1),
(63, '99.85.24.134', 1),
(64, '99.85.24.55', 1),
(65, '99.85.29.221', 1),
(66, '99.85.24.143', 1),
(67, '99.85.24.131', 1),
(68, '99.85.24.94', 1),
(69, '99.85.25.118', 1),
(70, '99.85.24.133', 1),
(71, '99.85.24.53', 1),
(72, '99.85.24.140', 1),
(73, '99.85.18.223', 1),
(74, '99.85.17.55', 1),
(75, '99.85.18.119', 1),
(76, '99.85.17.204', 1),
(77, '99.85.17.234', 1),
(78, '99.85.17.159', 1),
(79, '99.85.17.218', 1),
(80, '99.85.16.49', 1),
(81, '99.85.17.150', 1),
(82, '99.85.17.57', 1),
(83, '99.85.16.72', 1),
(84, '99.85.17.173', 1),
(85, '99.85.17.155', 1),
(86, '99.85.16.74', 1),
(87, '99.85.16.16', 1),
(88, '99.85.17.60', 1),
(89, '99.85.16.99', 1),
(90, '99.85.16.14', 1),
(91, '99.85.18.71', 1),
(92, '99.85.17.64', 2),
(93, '99.85.17.96', 1),
(94, '99.85.16.106', 1),
(95, '99.85.17.215', 1),
(96, '99.85.16.105', 1),
(97, '99.85.17.118', 1),
(98, '99.85.17.66', 1),
(99, '99.85.16.66', 1),
(100, '99.85.17.2', 2),
(101, '99.85.18.74', 1),
(102, '99.85.17.188', 1),
(103, '99.85.16.244', 1),
(104, '99.85.17.165', 1),
(105, '99.85.16.146', 1),
(106, '99.85.17.209', 1),
(107, '99.85.17.183', 1),
(108, '99.85.16.229', 1),
(109, '99.85.16.41', 1),
(110, '99.85.17.199', 1),
(111, '99.85.16.31', 1),
(112, '99.85.17.3', 2),
(113, '99.85.17.30', 1),
(114, '99.85.17.142', 1),
(115, '99.85.16.75', 1),
(116, '99.85.16.204', 1),
(117, '99.85.16.80', 1),
(118, '99.85.17.18', 1),
(119, '99.85.16.98', 1),
(120, '99.85.17.107', 1),
(121, '99.85.16.30', 1),
(122, '99.85.17.175', 1),
(123, '99.85.16.65', 1),
(124, '99.85.16.48', 1),
(125, '99.85.16.210', 1),
(126, '99.85.16.186', 1),
(127, '99.85.16.165', 1),
(128, '99.85.18.235', 1),
(129, '99.85.16.141', 1),
(130, '99.85.16.205', 1),
(131, '99.85.16.230', 1),
(132, '99.85.26.58', 1),
(133, '99.85.16.91', 1),
(134, '99.85.16.112', 1),
(135, '99.85.16.137', 1),
(136, '99.85.16.29', 1),
(137, '99.85.16.158', 1),
(138, '99.85.16.151', 1),
(139, '99.85.16.159', 1),
(140, '99.85.16.60', 1),
(141, '99.85.17.5', 1),
(142, '99.85.16.54', 1),
(143, '99.85.16.134', 1),
(144, '99.85.16.18', 1),
(145, '99.85.17.43', 1),
(146, '99.85.17.46', 1),
(147, '99.85.17.19', 1),
(148, '99.85.17.6', 2),
(149, '99.85.17.101', 1),
(150, '99.85.16.108', 1),
(151, '99.85.16.124', 1),
(152, '99.85.17.36', 1),
(153, '99.85.17.206', 1),
(154, '99.85.16.12', 1),
(155, '99.85.188.244', 1),
(156, '99.85.25.37', 1),
(157, '99.85.17.201', 1),
(158, '99.85.16.19', 1),
(159, '99.85.17.216', 1),
(160, '99.85.16.13', 1),
(161, '99.85.16.217', 1),
(162, '99.85.16.25', 1),
(163, '99.85.17.112', 1),
(164, '99.85.25.14', 1),
(165, '99.85.17.167', 1),
(166, '99.85.17.59', 1),
(167, '99.85.17.61', 1),
(168, '99.85.16.63', 1),
(169, '99.85.17.11', 1),
(170, '99.85.16.121', 1),
(171, '99.85.16.181', 1),
(172, '99.85.16.170', 1),
(173, '99.85.18.25', 1),
(174, '99.85.18.109', 1),
(175, '99.85.17.45', 1),
(176, '99.85.16.197', 1),
(177, '99.85.17.141', 1),
(178, '99.85.17.16', 1),
(179, '99.85.17.192', 1),
(180, '99.85.16.213', 1),
(181, '99.85.17.182', 1),
(182, '99.85.16.88', 1),
(183, '99.85.17.140', 1),
(184, '99.85.17.104', 1),
(185, '99.85.16.218', 1),
(186, '99.85.16.126', 1),
(187, '99.5.17.100', 1),
(188, '99.85.16.89', 1),
(189, '99.85.16.251', 1),
(190, '99.85.17.156', 1),
(191, '99.85.16.83', 1),
(192, '99.85.16.127', 1),
(193, '99.85.18.237', 1),
(194, '99.85.17.129', 1),
(195, '99.85.18.90', 1),
(196, '99.85.17.51', 1),
(197, '99.85.16.69', 1),
(198, '99.85.17.164', 1),
(199, '99.85.17.149', 1),
(200, '99.85.16.231', 1),
(201, '99.85.18.180', 1),
(202, '99.85.17.176', 1),
(203, '99.85.17.145', 1),
(204, '99.85.17.249', 1),
(205, '99.85.17.7', 2),
(206, '99.85.17.8', 2),
(207, '99.85.17.9', 2),
(208, '99.85.17.205', 1),
(209, '99.85.16.135', 1),
(210, '99.85.16.95', 1),
(211, '99.85.17.138', 2),
(212, '99.85.16.214', 1),
(213, '99.85.17.83', 1),
(214, '99.85.16.122', 1),
(215, '99.85.17.178', 1),
(216, '99.85.17.246', 1),
(217, '99.85.17.35', 1),
(218, '99.85.16.94', 1),
(219, '99.85.16.82', 1),
(220, '99.85.17.226', 1),
(221, '99.85.17.235', 1),
(222, '99.85.17.130', 1),
(223, '99.85.16.71', 1),
(224, '99.85.17.25', 1),
(225, '99.85.17.98', 1),
(226, '99.85.17.170', 1),
(227, '99.85.16.120', 1),
(228, '99.85.16.168', 1),
(229, '99.85.17.58', 1),
(230, '99.85.18.72', 1),
(231, '99.85.25.80', 1),
(232, '99.85.16.187', 1),
(233, '99.85.17.225', 1),
(234, '99.85.17.90', 1),
(235, '99.85.17.109', 1),
(236, '99.85.17.227', 1),
(237, '99.85.18.50', 1),
(238, '99.85.16.183', 1),
(239, '99.85.16.199', 1),
(240, '99.85.16.242', 1),
(241, '99.85.18.226', 1),
(242, '99.85.17.102', 1),
(243, '99.85.16.9', 1),
(244, '99.85.17.194', 1),
(245, '99.85.17.163', 1),
(246, '99.85.16.130', 1),
(247, '169.254.1.225', 1),
(248, '99.85.18.216', 1),
(249, '99.85.17.97', 1),
(250, '99.85.16.103', 1),
(251, '99.85.17.184', 1),
(252, '99.85.18.2', 2),
(253, '99.85.17.92', 1),
(254, '99.85.17.128', 1),
(255, '99.85.17.47', 1),
(256, '99.85.18.3', 2),
(257, '99.85.16.102', 1),
(258, '99.85.17.84', 1),
(259, '99.85.17.239', 1),
(260, '99.85.17.67', 1),
(261, '99.85.16.7', 1),
(262, '99.85.18.120', 1),
(263, '99.85.18.82', 1),
(264, '99.85.16.53', 1),
(265, '99.85.18.4', 2),
(266, '99.85.18.45', 1),
(267, '99.85.18.103', 1),
(268, '99.85.17.200', 1),
(269, '99.85.17.160', 1),
(270, '99.85.16.114', 1),
(271, '99.85.17.81', 1),
(272, '99.85.17.52', 1),
(273, '99.85.17.179', 1),
(274, '99.85.16.128', 1),
(275, '99.85.17.108', 1),
(276, '99.85.16.149', 1),
(277, '99.85.17.207', 1),
(278, '99.85.17.75', 1),
(279, '99.85.16.123', 1),
(280, '99.85.16.39', 1),
(281, '99.85.24.168', 1),
(282, '99.85.16.145', 1),
(283, '99.85.16.92', 1),
(284, '99.85.18.5', 2),
(285, '99.85.18.214', 1),
(286, '99.85.17.28', 1),
(287, '99.85.16.142', 1),
(288, '99.85.16.220', 1),
(289, '99.85.16.85', 1),
(290, '99.85.16.200', 1),
(291, '99.85.16.101', 1),
(292, '99.85.18.6', 2),
(293, '99.85.18.7', 2),
(294, '99.85.17.93', 1),
(295, '99.85.16.189', 1),
(296, '99.85.18.34', 1),
(297, '99.85.17.196', 1),
(298, '99.85.18.211', 1),
(299, '99.85.18.177', 1),
(300, '99.85.16.247', 1),
(301, '99.85.18.165', 1),
(302, '99.85.18.8', 2),
(303, '99.85.18.249', 1),
(304, '99.85.16.96', 1),
(305, '99.85.16.56', 1),
(306, '99.85.17.20', 1),
(307, '99.85.16.240', 1),
(308, '99.85.16.46', 1),
(309, '99.85.16.188', 1),
(310, '99.85.17.49', 1),
(311, '99.85.17.31', 1),
(312, '99.85.17.240', 1),
(313, '99.85.18.10', 1),
(314, '99.85.18.97', 1),
(315, '99.85.16.185', 1),
(316, '99.85.16.193', 1),
(317, '99.85.16.37', 1),
(318, '99.85.17.17', 1),
(319, '99.85.18.40', 1),
(320, '99.85.17.223', 1),
(321, '99.85.18.11', 2),
(322, '99.85.18.12', 2),
(323, '99.85.18.136', 1),
(324, '99.85.16.50', 1),
(325, '99.85.16.129', 1),
(326, '99.85.17.185', 1),
(327, '99.85.16.27', 1),
(328, '99.85.16.97', 1),
(329, '99.85.16.38', 1),
(330, '99.85.17.70', 1),
(331, '99.85.16.93', 1),
(332, '99.85.17.12', 2),
(333, '99.85.17.180', 1),
(334, '99.85.16.144', 1),
(335, '99.85.16.118', 1),
(336, '99.85.18.76', 1),
(337, '99.85.17.158', 1),
(338, '99.85.17.210', 1),
(339, '99.85.16.107', 1),
(340, '99.85.16.160', 1),
(341, '99.85.18.118', 1),
(342, '99.85.17.53', 1),
(343, '99.85.16.190', 1),
(344, '99.85.16.224', 1),
(345, '99.85.17.91', 1),
(346, '99.85.16.238', 1),
(347, '99.85.16.86', 1),
(348, '99.85.17.80', 1),
(349, '99.85.17.13', 2),
(350, '99.85.16.59', 1),
(351, '99.85.17.220', 1),
(352, '99.85.16.132', 1),
(353, '99.85.17.119', 1),
(354, '99.85.16.167', 1),
(355, '99.85.17.14', 2),
(356, '99.85.16.44', 1),
(357, '99.85.16.23', 1),
(358, '99.85.18.13', 1),
(359, '99.85.16.70', 1),
(360, '99.85.16.58', 1);

-- --------------------------------------------------------

--
-- Estructura de tabla para la tabla `resguardos`
--

CREATE TABLE `resguardos` (
  `id` int(11) NOT NULL,
  `marca` varchar(100) NOT NULL,
  `modelo` varchar(100) NOT NULL,
  `n_serie` varchar(100) NOT NULL,
  `hostname` varchar(50) NOT NULL,
  `mac` varchar(100) NOT NULL,
  `nodo` varchar(100) NOT NULL,
  `activo` int(11) NOT NULL DEFAULT 1,
  `ip` int(11) DEFAULT NULL
) ENGINE=InnoDB DEFAULT CHARSET=utf8mb4 COLLATE=utf8mb4_general_ci;

--
-- Volcado de datos para la tabla `resguardos`
--

INSERT INTO `resguardos` (`id`, `marca`, `modelo`, `n_serie`, `hostname`, `mac`, `nodo`, `activo`, `ip`) VALUES
(1, 'LENOVO', 'THINKPAD L14 GEN 3 AMD', 'PW061FCA', 'B299GUCC68ATC01', 'F4-A8-0D-76-6B-F8', '', 1, 1),
(2, 'LENOVO', 'THINKPAD L14 GEN 3 AMD', 'PW061NWY', 'B299MALO85C7C01', 'F4-A8-0D-12-34-56', '', 1, 2),
(3, 'LENOVO', 'THINKPAD L14 GEN 3 AMD', 'PW06CHKW', 'B299ZEJJ67BRC01', 'F4-A8-0D-78-9A-BC', '', 1, 3),
(4, 'LENOVO', 'THINKPAD L14 GEN 3 AMD', 'PW063CX7', 'B299GAAJ796JC01', 'F4-A8-0D-DE-F0-12', '', 1, 4),
(5, 'LENOVO', 'THINKPAD L14 GEN 3 AMD', 'PW065F8A', 'B299CAMS559JC01', 'F4-A8-0D-34-56-78', '', 1, 5),
(6, 'LENOVO', 'THINKPAD L14 GEN 3 AMD', 'PW061Q0Z', 'B299BUVD881BC01', 'F4-A8-0D-9A-BC-DE', '', 1, 6),
(7, 'LENOVO', 'THINKPAD L14 GEN 3 AMD', 'PW061A2B3', 'B299TOSJ772MC01', 'F4-A8-0D-F0-12-34', '', 2, 7),
(8, 'LENOVO', 'THINKPAD L14 GEN 3 AMD', 'PW061NWT', 'B299MAMI8504C01', 'F4-A8-0D-56-78-9A', '', 1, 8),
(9, 'LENOVO', 'THINKPAD L14 GEN 3 AMD', 'PW06BE5B', 'B299ROJM637UC01', 'F4-A8-0D-BC-DE-F0', '', 1, 9),
(10, 'LENOVO', 'THINKPAD L14 GEN 3 AMD', 'PW061NL4', 'B299GOTD858OC01', 'F4-A8-0D-23-45-67', '', 1, 10),
(11, 'LENOVO', 'THINKPAD L14 GEN 3 AMD', 'PW06Q2JK', 'B299EARC7445C01', 'F4-A8-0D-89-AB-CD', '', 1, 11),
(12, 'LENOVO', 'THINKPAD L14 GEN 3 AMD', 'PW06BREN', 'B299COCD603UC01', 'F4-A8-0D-EF-01-23', '', 1, 12),
(13, 'LENOVO', 'THINKPAD L14 GEN 3 AMD', 'PW06BE8Z', 'B299RORS74ANC01', 'F4-A8-0D-45-67-89', '', 1, 13),
(14, 'LENOVO', 'THINKPAD L14 GEN 3 AMD', 'PW065FJ5', 'B299GUVM75CLC01', 'F4-A8-0D-AB-CD-EF', '', 1, 14),
(15, 'LENOVO', 'THINKPAD L14 GEN 3 AMD', 'PW06BDYX', 'B299AIFC64BAC01', 'F4-A8-0D-01-23-45', '', 1, 15),
(16, 'LENOVO', 'THINKPAD L14 GEN 3 AMD', 'PW06BFJH', 'B299FOGN806BC01', 'F4-A8-0D-67-89-AB', '', 1, 16),
(17, 'LENOVO', 'THINKPAD L14 GEN 3 AMD', 'PW06BFGK', 'B299EISR818OC01', 'F4-A8-0D-CD-EF-01', '', 1, 17),
(18, 'LENOVO', 'THINKPAD L14 GEN 3 AMD', 'PW06CHTW', 'B299SOMJ8061C01', 'F4-A8-0D-32-54-76', '', 1, 18),
(19, 'LENOVO', 'THINKPAD L14 GEN 3 AMD', 'PW061PX0', 'B299WESR7413C01', 'F4-A8-0D-98-BA-DC', '', 1, 19),
(20, 'LENOVO', 'THINKPAD L14 GEN 3 AMD', 'PW063BLR', 'B299RAAK905KC01', 'F4-A8-0D-FE-10-32', '', 1, 20),
(21, 'LENOVO', 'THINKPAD L14 GEN 3 AMD', 'PW061MD6', 'B299JIAR66AEC01', 'F4-A8-0D-54-76-98', '', 1, 21),
(22, 'LENOVO', 'THINKPAD L14 GEN 3 AMD', 'PW061M7B', 'B299LOLL7556C01', 'F4-A8-0D-BA-DC-FE', '', 1, 22),
(23, 'LENOVO', 'THINKPAD L14 GEN 3 AMD', 'PW061PSY', 'B299AIRH675QC01', 'F4-A8-0D-10-32-54', '', 1, 23),
(24, 'LENOVO', 'THINKPAD L14 GEN 3 AMD', 'PW062M74', 'B299DEFD875HC01', 'F4-A8-0D-76-98-BA', '', 1, 24),
(25, 'LENOVO', 'THINKPAD L14 GEN 3 AMD', 'PW061NQE', 'B299LURM75A4C01', 'F4-A8-0D-DC-FE-10', '', 1, 25),
(26, 'LENOVO', 'THINKPAD L14 GEN 3 AMD', 'PW061PTZ', 'B299CAPJ69ANC01', 'F4-A8-0D-43-21-65', '', 1, 26),
(27, 'LENOVO', 'THINKPAD L14 GEN 3 AMD', 'PW0633HP', 'B299LORD973FC01', 'F4-A8-0D-87-65-43', '', 1, 27),
(28, 'LENOVO', 'THINKPAD L14 GEN 3 AMD', 'PW0625EQ', 'B299CUJF88C7C01', 'F4-A8-0D-CB-A9-87', '', 1, 28),
(29, 'LENOVO', 'THINKPAD L14 GEN 3 AMD', 'PW06CHHZ', 'B299RENG8023C01', 'F4-A8-0D-21-65-43', '', 1, 29),
(30, 'LENOVO', 'THINKPAD L14 GEN 3 AMD', 'PW061MDQ', 'B299VAGA91ALC01', 'F4-A8-0D-65-43-21', '', 1, 30),
(31, 'LENOVO', 'THINKPAD L14 GEN 3 AMD', 'PW061MBE', 'B299MORA8532C01', 'F4-A8-0D-A9-87-65', '', 1, 31),
(32, 'LENOVO', 'THINKPAD L14 GEN 3 AMD', 'PW0625FC', 'B299BAAE949BC01', 'F4-A8-0D-87-65-CB', '', 1, 32),
(33, 'LENOVO', 'THINKPAD L14 GEN 3 AMD', 'PW06BFH1', 'B299SANE77BLC01', 'F4-A8-0D-43-21-A9', '', 1, 33),
(34, 'LENOVO', 'THINKPAD L14 GEN 3 AMD', 'PW06BS2G', 'B299FOPD894PC01', 'F4-A8-0D-65-CB-87', '', 1, 34),
(35, 'LENOVO', 'THINKPAD L14 GEN 3 AMD', 'PW06BQQH', 'B299PUBY784LC01', 'F4-A8-0D-A9-43-21', '', 1, 35),
(36, 'LENOVO', 'THINKPAD L14 GEN 3 AMD', 'PW06CHJ1', 'B299HECJ803LC01', 'F4-A8-0D-CB-87-65', '', 1, 36),
(37, 'LENOVO', 'THINKPAD L14 GEN 3 AMD', 'PW061MC5', 'B299NUHA712FC01', 'F4-A8-0D-21-A9-43', '', 1, 37),
(38, 'LENOVO', 'THINKPAD L14 GEN 3 AMD', 'PW061PC2', 'B299HECM955TC01', 'F4-A8-0D-87-21-CB', '', 1, 38),
(39, 'LENOVO', 'THINKPAD L14 GEN 3 AMD', 'PW061NZQ', 'B299FATE83A5C01', 'F4-A8-0D-43-CB-A9', '', 1, 39),
(40, 'LENOVO', 'THINKPAD L14 GEN 3 AMD', 'PW0626V8', 'B299RIPA9135C01', 'F4-A8-0D-65-87-21', '', 1, 40),
(41, 'LENOVO', 'THINKPAD L14 GEN 3 AMD', 'PW06CHER', 'B299SACE76BOC01', 'F4-A8-0D-A9-65-43', '', 1, 41),
(42, 'LENOVO', 'THINKPAD L14 GEN 3 AMD', 'PW061N4R', 'B299AASK962JC01', 'F4-A8-0D-CB-43-87', '', 1, 42),
(43, 'LENOVO', 'THINKPAD L14 GEN 3 AMD', 'PW061C4D5', 'B299BAFL911EC01', 'F4-A8-0D-21-87-CB', '', 2, 43),
(44, 'LENOVO', 'THINKPAD L14 GEN 3 AMD', 'PW06CHJN', 'B299LEOA671FC01', 'F4-A8-0D-87-CB-21', '', 1, 44),
(45, 'LENOVO', 'THINKPAD L14 GEN 3 AMD', 'PW06CHV9', 'B299NUAM9265C01', 'F4-A8-0D-43-65-A9', '', 1, 45),
(46, 'LENOVO', 'THINKPAD L14 GEN 3 AMD', 'PW06272D', 'B299CAMT8682C01', 'F4-A8-0D-65-A9-87', '', 1, 46),
(47, 'LENOVO', 'THINKPAD L14 GEN 3 AMD', 'PW061NMT', 'B299MIGA96CMC01', 'F4-A8-0D-A9-CB-65', '', 1, 47),
(48, 'LENOVO', 'THINKPAD L14 GEN 3 AMD', 'PW061NPV', 'B299SAPE847KC01', 'F4-A8-0D-CB-21-43', '', 1, 48),
(49, 'LENOVO', 'THINKPAD L14 GEN 3 AMD', 'PW065FQF', 'B299FOGJ955HC01', 'F4-A8-0D-34-78-AC', '', 1, 49),
(50, 'LENOVO', 'THINKPAD L14 GEN 3 AMD', 'PW061P5S', 'B299MERI928HC01', 'F4-A8-0D-90-DE-2B', '', 1, 50),
(51, 'LENOVO', 'THINKPAD L14 GEN 3 AMD', 'PW061N6G', 'B299LISB7959C01', 'F4-A8-0D-56-F1-8C', '', 1, 51),
(52, 'LENOVO', 'THINKPAD L14 GEN 3 AMD', 'PW061MB6', 'B299ZAMA715AC01', 'F4-A8-0D-BC-23-6D', '', 1, 52),
(53, 'LENOVO', 'THINKPAD L14 GEN 3 AMD', 'PW061PYP', 'B299COBY687BC01', 'F4-A8-0D-78-45-9E', '', 1, 53),
(54, 'LENOVO', 'THINKPAD L14 GEN 3 AMD', 'PW06CHP5', 'B299AIAN595NC01', 'F4-A8-0D-DE-67-B0', '', 1, 54),
(55, 'LENOVO', 'THINKPAD L14 GEN 3 AMD', 'PW0626S6', 'B299MAGJ017AC01', 'F4-A8-0D-12-89-CF', '', 1, 55),
(56, 'LENOVO', 'THINKPAD L14 GEN 3 AMD', 'PW0633XR', 'B299SEMJ998LC01', 'F4-A8-0D-34-AB-19', '', 1, 56),
(57, 'LENOVO', 'THINKPAD L14 GEN 3 AMD', 'PW06BR7Z', 'B299BOMA739BC01', 'F4-A8-0D-56-CD-3F', '', 1, 57),
(58, 'LENOVO', 'THINKPAD L14 GEN 3 AMD', 'PW06BFAW', 'B299CAPE6866C01', 'F4-A8-0D-78-EF-5B', '', 1, 58),
(59, 'LENOVO', 'THINKPAD L14 GEN 3 AMD', 'PW061PWD', 'B299MERI79BDC01', 'F4-A8-0D-9A-01-7D', '', 1, 59),
(60, 'LENOVO', 'THINKPAD L14 GEN 3 AMD', 'PW061NQA', 'B299LOEX95BNC01', 'F4-A8-0D-BC-23-9F', '', 1, 60),
(61, 'LENOVO', 'THINKPAD L14 GEN 3 AMD', 'PW06BWMP', 'B299PEON98C6C01', 'F4-A8-0D-DE-45-B1', '', 1, 61),
(62, 'LENOVO', 'THINKPAD L14 GEN 3 AMD', 'PW061P11', 'B299JIFL86ABC01', 'F4-A8-0D-F0-67-D3', '', 1, 62),
(63, 'LENOVO', 'THINKPAD L14 GEN 3 AMD', 'PW062YAG', 'B299BUTC95F9C01', 'F4-A8-0D-12-89-F5', '', 1, 63),
(64, 'LENOVO', 'THINKPAD L14 GEN 3 AMD', 'PW061NZ0', 'B299FOML598UC01', 'F4-A8-0D-34-AB-17', '', 1, 64),
(65, 'LENOVO', 'THINKPAD L14 GEN 3 AMD', 'PW061P5G', 'B299JARY80C9C01', 'F4-A8-0D-56-CD-39', '', 1, 65),
(66, 'LENOVO', 'THINKPAD L14 GEN 3 AMD', 'PW0627AW', 'B299HEMM67AFC01', 'F4-A8-0D-78-EF-51', '', 1, 66),
(67, 'LENOVO', 'THINKPAD L14 GEN 3 AMD', 'PW06BE12', 'B299HEVC662EC01', 'F4-A8-0D-9A-01-71', '', 1, 67),
(68, 'LENOVO', 'THINKPAD L14 GEN 3 AMD', 'PW061N3H', 'B299EUOR53AQC01', 'F4-A8-0D-BC-23-91', '', 1, 68),
(69, 'LENOVO', 'THINKPAD L14 GEN 3 AMD', 'PW06BFBY', 'B299GAGC844FC01', 'F4-A8-0D-DE-45-B0', '', 1, 69),
(70, 'LENOVO', 'THINKPAD L14 GEN 3 AMD', 'PW061PWZ', 'B299AEAD969LC01', 'F4-A8-0D-F0-67-D1', '', 1, 70),
(71, 'LENOVO', 'THINKPAD L14 GEN 3 AMD', 'PW061MTA', 'B299SACB656NC01', 'F4-A8-0D-12-89-F1', '', 1, 71),
(72, 'LENOVO', 'THINKPAD L14 GEN 3 AMD', 'PW06CT14', 'B299CAHG9592C01', 'F4-A8-0D-34-AB-11', '', 1, 72),
(73, 'LENOVO', 'THINKPAD L14 GEN 3 AMD', 'PW061P1E', 'B299LAHL7294C01', 'F4-A8-0D-56-CD-31', '', 1, 73),
(74, 'LENOVO', 'THINKPAD L14 GEN 3 AMD', 'PW06BFJ1', 'B299LISI76ASC01', 'F4-A8-0D-78-EF-5A', '', 1, 74),
(75, 'LENOVO', 'THINKPAD L14 GEN 3 AMD', 'PW06BE0J', 'B299ROJV725IC01', 'F4-A8-0D-9A-01-7A', '', 1, 75),
(76, 'LENOVO', 'THINKPAD L14 GEN 3 AMD', 'PW061NYP', 'B299MAES929CC01', 'F4-A8-0D-BC-23-9A', '', 1, 76),
(77, 'LENOVO', 'THINKPAD L14 GEN 3 AMD', 'PW061NP1', 'B299EAAM679EC01', 'F4-A8-0D-DE-45-BA', '', 1, 77),
(78, 'LENOVO', 'THINKPAD L14 GEN 3 AMD', 'PW061PBZ', 'B299CAMR7179C01', 'F4-A8-0D-F0-67-DA', '', 1, 78),
(79, 'LENOVO', 'THINKPAD L14 GEN 3 AMD', 'PW06BWJ7', 'B299BUPG6749C01', 'F4-A8-0D-12-89-FA', '', 1, 79),
(80, 'LENOVO', 'THINKPAD L14 GEN 3 AMD', 'PW06CHQT', 'B299EIMA9059C01', 'F4-A8-0D-34-AB-1D', '', 1, 80),
(81, 'LENOVO', 'THINKPAD L14 GEN 3 AMD', 'PW061MC2', 'B299MIAS847IC01', 'F4-A8-0D-56-CD-33', '', 1, 81),
(82, 'LENOVO', 'THINKPAD L14 GEN 3 AMD', 'PW06Q2H3', 'B299EIBE631KC01', 'F4-A8-0D-78-EF-5E', '', 1, 82),
(83, 'LENOVO', 'THINKPAD L14 GEN 3 AMD', 'PW061Q5E', 'B299JIGO81AMC01', 'F4-A8-0D-9A-01-7R', '', 1, 83),
(84, 'LENOVO', 'THINKPAD L14 GEN 3 AMD', 'PW062TVV', 'B299FEMT89C5C01', 'F4-A8-0D-BC-23-9Y', '', 1, 84),
(85, 'LENOVO', 'THINKPAD L14 GEN 3 AMD', 'PW061Q2V', 'B299QUAA75AFC01', 'F4-A8-0D-DE-45-BP', '', 1, 85),
(86, 'LENOVO', 'THINKPAD L14 GEN 3 AMD', 'PW06BFJR', 'B299VACY92A1C01', 'F4-A8-0D-F0-67-DT', '', 1, 86),
(87, 'LENOVO', 'THINKPAD L14 GEN 3 AMD', 'PW06BE4J', 'B299GUBN9598C01', 'F4-A8-0D-12-89-FQ', '', 1, 87),
(88, 'LENOVO', 'THINKPAD L14 GEN 3 AMD', 'PW061PVR', 'B299GOGD64CTC01', 'F4-A8-0D-34-AB-1W', '', 1, 88),
(89, 'LENOVO', 'THINKPAD L14 GEN 3 AMD', 'PW06BVPP', 'B299AAGK83C9C01', 'F4-A8-0D-56-CD-3E', '', 1, 89),
(90, 'LENOVO', 'THINKPAD L14 GEN 3 AMD', 'PW06BWYY', 'B299AEGF917LC01', 'F4-A8-0D-78-EF-5R', '', 1, 90),
(91, 'LENOVO', 'THINKPAD L14 GEN 3 AMD', 'PW062TV5', 'B299CABP64AEC01', 'F4-A8-0D-9A-01-7T', '', 1, 91),
(92, 'LENOVO', 'THINKPAD L14 GEN 3 AMD', 'PW06BXHL', 'B299MAML841SC01', 'F4-A8-0D-BC-23-9T', '', 2, 92),
(93, 'LENOVO', 'THINKPAD L14 GEN 3 AMD', 'PW0627X5', 'B299MEFJ97B8C01', 'F4-A8-0D-DE-45-BY', '', 1, 93),
(94, 'LENOVO', 'THINKPAD L14 GEN 3 AMD', 'PW0626T9', 'B299ROPE9685C01', 'F4-A8-0D-F0-67-DU', '', 1, 94),
(95, 'LENOVO', 'THINKPAD L14 GEN 3 AMD', 'PW062Y8L', 'B299CAGX96BRC01', 'F4-A8-0D-12-89-FI', '', 1, 95),
(96, 'LENOVO', 'THINKPAD L14 GEN 3 AMD', 'PW061NYX', 'B299GOAF977LC01', 'F4-A8-0D-34-AB-1O', '', 1, 96),
(97, 'LENOVO', 'THINKPAD L14 GEN 3 AMD', 'PW06281A', 'B299BASV946RC01', 'F4-A8-0D-56-CD-3P', '', 1, 97),
(98, 'LENOVO', 'THINKPAD L14 GEN 3 AMD', 'PW06BRHX', 'B299RERA8808C01', 'F4-A8-0D-78-EF-58', '', 1, 98),
(99, 'LENOVO', 'THINKPAD L14 GEN 3 AMD', 'PW06BE4W', 'B299GAAP965IC01', 'F4-A8-0D-9A-01-7S', '', 1, 99),
(100, 'LENOVO', 'THINKPAD L14 GEN 3 AMD', 'PW061E6F7', 'B299REGA80B7C01', 'F4-A8-0D-BC-23-9D', '', 2, 100),
(101, 'LENOVO', 'THINKPAD L14 GEN 3 AMD', 'PW0626VL', 'B299CACE82CJC01', 'F4-A8-0D-DE-45-BT', '', 1, 101),
(102, 'LENOVO', 'THINKPAD L14 GEN 3 AMD', 'PW065BHN', 'B299SORM916AC01', 'F4-A8-0D-F0-67-DY', '', 1, 102),
(103, 'LENOVO', 'THINKPAD L14 GEN 3 AMD', 'PW061MHN', 'B299ROVL9358C01', 'F4-A8-0D-12-89-FU', '', 1, 103),
(104, 'LENOVO', 'THINKPAD L14 GEN 3 AMD', 'PW061PB8', 'B299RORP983EC01', 'F4-A8-0D-34-AB-1I', '', 1, 104),
(105, 'LENOVO', 'THINKPAD L14 GEN 3 AMD', 'PW0627W0', 'B299ROCI7624C01', 'F4-A8-0D-56-CD-3H', '', 1, 105),
(106, 'LENOVO', 'THINKPAD L14 GEN 3 AMD', 'PW06BE4N', 'B299AEGA859SC01', 'F4-A8-0D-78-EF-5J', '', 1, 106),
(107, 'LENOVO', 'THINKPAD L14 GEN 3 AMD', 'PW061NGE', 'B299AAOJ86AEC01', 'F4-A8-0D-9A-01-7K', '', 1, 107),
(108, 'LENOVO', 'THINKPAD L14 GEN 3 AMD', 'PW06BRWF', 'B299MAEG69C6C01', 'F4-A8-0D-BC-23-9L', '', 1, 108),
(109, 'LENOVO', 'THINKPAD L14 GEN 3 AMD', 'PW06BWH2', 'B299HEGM986FC01', 'F4-A8-0D-DE-45-BZ', '', 1, 109),
(110, 'LENOVO', 'THINKPAD L14 GEN 3 AMD', 'PW06BE78', 'B299DAOM908RC01', 'F4-A8-0D-F0-67-DX', '', 1, 110),
(111, 'LENOVO', 'THINKPAD L14 GEN 3 AMD', 'PW06BRTQ', 'B299AUGR4498C01', 'F4-A8-0D-12-89-FC', '', 1, 111),
(112, 'LENOVO', 'THINKPAD L14 GEN 3 AMD', 'PW061G8H9', 'B299OUGA8110C01', 'F4-A8-0D-34-AB-1C', '', 2, 112),
(113, 'LENOVO', 'THINKPAD L14 GEN 3 AMD', 'PW061MC7', 'B299QUGN763LC01', 'F4-A8-0D-56-CD-3V', '', 1, 113),
(114, 'LENOVO', 'THINKPAD L14 GEN 3 AMD', 'PW061PT2', 'B299PEVC5467C01', 'F4-A8-0D-78-EF-5M', '', 1, 114),
(115, 'LENOVO', 'THINKPAD L14 GEN 3 AMD', 'PW061MDE', 'B299RAAY935HC01', 'F4-A8-0D-9A-01-7N', '', 1, 115),
(116, 'LENOVO', 'THINKPAD L14 GEN 3 AMD', 'PW061NZM', 'B299LOHS815UC01', 'F4-A8-0D-BC-23-9M', '', 1, 116),
(117, 'LENOVO', 'THINKPAD L14 GEN 3 AMD', 'PW06BE42', 'B299AANF89A8C01', 'F4-A8-0D-DE-AB-B1', '', 1, 117),
(118, 'LENOVO', 'THINKPAD L14 GEN 3 AMD', 'PW0627X3', 'B299GOPI91CKC01', 'F4-A8-0D-F0-BC-D3', '', 1, 118),
(119, 'LENOVO', 'THINKPAD L14 GEN 3 AMD', 'PW061MDG', 'B299ROAD8689C01', 'F4-A8-0D-12-CD-F5', '', 1, 119),
(120, 'LENOVO', 'THINKPAD L14 GEN 3 AMD', 'PW061P4X', 'B299GABE91ASC01', 'F4-A8-0D-34-DE-17', '', 1, 120),
(121, 'LENOVO', 'THINKPAD L14 GEN 3 AMD', 'PW061PYH', 'B299AUMA9348C01', 'F4-A8-0D-56-EF-39', '', 1, 121),
(122, 'LENOVO', 'THINKPAD L14 GEN 3 AMD', 'PW0626TP', 'B299HUMR95CFC01', 'F4-A8-0D-78-FG-5B', '', 1, 122),
(123, 'LENOVO', 'THINKPAD L14 GEN 3 AMD', 'PW0626T8', 'B299VEMY914AC01', 'F4-A8-0D-9A-GH-7D', '', 1, 123),
(124, 'LENOVO', 'THINKPAD L14 GEN 3 AMD', 'PW06BRHW', 'B299RARI91B6C01', 'F4-A8-0D-BC-HI-9F', '', 1, 124),
(125, 'LENOVO', 'THINKPAD L14 GEN 3 AMD', 'PW061MBD', 'B299ROMA8319C01', 'F4-A8-0D-DE-IJ-B1', '', 1, 125),
(126, 'LENOVO', 'THINKPAD L14 GEN 3 AMD', 'PW06BVJJ', 'B299JUGF9219C01', 'F4-A8-0D-F0-JK-D3', '', 1, 126),
(127, 'LENOVO', 'THINKPAD L14 GEN 3 AMD', 'PW06BSSZ', 'B299AUAR65CRC01', 'F4-A8-0D-12-KL-F5', '', 1, 127),
(128, 'LENOVO', 'THINKPAD L14 GEN 3 AMD', 'PW06BRNV', 'B299ZESJ8941C01', 'F4-A8-0D-34-LM-17', '', 1, 128),
(129, 'LENOVO', 'THINKPAD L14 GEN 3 AMD', 'PW06BEA0', 'B299BECA59AKC01', 'F4-A8-0D-56-MN-39', '', 1, 129),
(130, 'LENOVO', 'THINKPAD L14 GEN 3 AMD', 'PW061MK3', 'B299GOMA684GC01', 'F4-A8-0D-78-NO-5B', '', 1, 130),
(131, 'LENOVO', 'THINKPAD L14 GEN 3 AMD', 'PW06BVH1', 'B299CAAJ866HC01', 'F4-A8-0D-9A-OP-7D', '', 1, 131),
(132, 'LENOVO', 'THINKPAD L14 GEN 3 AMD', 'PW061MAN', 'B299PIPO841UC01', 'F4-A8-0D-BC-PQ-9F', '', 1, 132),
(133, 'LENOVO', 'THINKPAD L14 GEN 3 AMD', 'PW063BFQ', 'B299GAVE76AIC01', 'F4-A8-0D-DE-RS-B1', '', 1, 133),
(134, 'LENOVO', 'THINKPAD L14 GEN 3 AMD', 'PW065FFC', 'B299HERL71C1C01', 'F4-A8-0D-F0-QR-D3', '', 1, 134),
(135, 'LENOVO', 'THINKPAD L14 GEN 3 AMD', 'PW06BWT4', 'B299SIAJ925PC01', 'F4-A8-0D-12-TU-F5', '', 1, 135),
(136, 'LENOVO', 'THINKPAD L14 GEN 3 AMD', 'PW06BVE6', 'B299BERJ935PC01', 'F4-A8-0D-34-UV-17', '', 1, 136),
(137, 'LENOVO', 'THINKPAD L14 GEN 3 AMD', 'PW061NRW', 'B299MACB6961C01', 'F4-A8-0D-56-ST-39', '', 1, 137),
(138, 'LENOVO', 'THINKPAD L14 GEN 3 AMD', 'PW0E6MB1', 'B299LUOA826MC01', 'F4-A8-0D-78-VW-5B', '', 1, 138),
(139, 'LENOVO', 'THINKPAD L14 GEN 3 AMD', 'PW061NFZ', 'B299GASE7164C01', 'F4-A8-0D-9A-WX-7D', '', 1, 139),
(140, 'LENOVO', 'THINKPAD L14 GEN 3 AMD', 'PW06BWWF', 'B299BAHE60CSC01', 'F4-A8-0D-BC-XY-9F', '', 1, 140),
(141, 'LENOVO', 'THINKPAD L14 GEN 3 AMD', 'PW061H0I1', 'B299GOPK979QC01', 'F4-A8-0D-DE-YZ-B1', '', 1, 141),
(142, 'LENOVO', 'THINKPAD L14 GEN 3 AMD', 'PW06BS8V', 'B299VASC9607C01', 'F4-A8-0D-F0-Z1-D3', '', 1, 142),
(143, 'LENOVO', 'THINKPAD L14 GEN 3 AMD', 'PW06BRSC', 'B299GAHJ81BMC01', 'F4-A8-0D-12-Z2-F5', '', 1, 143),
(144, 'LENOVO', 'THINKPAD L14 GEN 3 AMD', 'PW06BDZC', 'B299CANH921TC01', 'F4-A8-0D-34-Z3-17', '', 1, 144),
(145, 'LENOVO', 'THINKPAD L14 GEN 3 AMD', 'PW06BE90', 'B299OOFR738NC01', 'F4-A8-0D-56-Z4-39', '', 1, 145),
(146, 'LENOVO', 'THINKPAD L14 GEN 3 AMD', 'PW061Q01', 'B299RUES934PC01', 'F4-A8-0D-78-Z5-5B', '', 1, 146),
(147, 'LENOVO', 'THINKPAD L14 GEN 3 AMD', 'PW061MCG', 'B299SORM721NC01', 'F4-A8-0D-9A-Z6-7D', '', 1, 147),
(148, 'LENOVO', 'THINKPAD L14 GEN 3 AMD', 'PW061J2K3', 'B299CASS7486C01', 'F4-A8-0D-BC-Z7-9F', '', 2, 148),
(149, 'LENOVO', 'THINKPAD L14 GEN 3 AMD', 'PW061P5B', 'B299JIGM8999C01', 'F4-A8-0D-DE-Z8-B1', '', 1, 149),
(150, 'LENOVO', 'THINKPAD L14 GEN 3 AMD', 'PW062YNR', 'B299FEQR979IC01', 'F4-A8-0D-F0-Z9-D3', '', 1, 150),
(151, 'LENOVO', 'THINKPAD L14 GEN 3 AMD', 'PW061MVA', 'B299AIME9761C01', 'F4-A8-0D-12-Y0-F5', '', 1, 151),
(152, 'LENOVO', 'THINKPAD L14 GEN 3 AMD', 'PW061PYT', 'B299VIAA8573C01', 'F4-A8-0D-34-Y1-17', '', 1, 152),
(153, 'LENOVO', 'THINKPAD L14 GEN 3 AMD', 'PW0E8J6F', 'B299AILD963NC01', 'F4-A8-0D-56-Y2-39', '', 1, 153),
(154, 'LENOVO', 'THINKPAD L14 GEN 3 AMD', 'PW06BE7F', 'B299COPP943OC01', 'F4-A8-0D-78-Y3-5B', '', 1, 154),
(155, 'LENOVO', 'THINKPAD L14 GEN 3 AMD', 'PW0626XK', 'B299DIGL796LC01', 'F4-A8-0D-9A-Y4-7D', '', 1, 155),
(156, 'LENOVO', 'THINKPAD L14 GEN 3 AMD', 'PW06CH90', 'B299MARR713LC01', 'F4-A8-0D-BC-Y5-9F', '', 1, 156),
(157, 'LENOVO', 'THINKPAD L14 GEN 3 AMD', 'PW065ETS', 'B299IARM744PC01', 'F4-A8-0D-DE-Y6-B1', '', 1, 157),
(158, 'LENOVO', 'THINKPAD L14 GEN 3 AMD', 'PW0633Y2', 'B299HERN9092C01', 'F4-A8-0D-F0-Y7-D3', '', 1, 158),
(159, 'LENOVO', 'THINKPAD L14 GEN 3 AMD', 'PW0627DD', 'B299IABN0085C01', 'F4-A8-0D-12-Y8-F5', '', 1, 159),
(160, 'LENOVO', 'THINKPAD L14 GEN 3 AMD', 'PW06BEES', 'B299HOCR9074C01', 'F4-A8-0D-34-Y9-17', '', 1, 160),
(161, 'LENOVO', 'THINKPAD L14 GEN 3 AMD', 'PW061Q58', 'B299FAGR96B9C01', 'F4-A8-0D-56-X0-39', '', 1, 161),
(162, 'LENOVO', 'THINKPAD L14 GEN 3 AMD', 'PW0626T3', 'B299MALS9498C01', 'F4-A8-0D-78-X1-5B', '', 1, 162),
(163, 'LENOVO', 'THINKPAD L14 GEN 3 AMD', 'PW061NVB', 'B299MESM7069C01', 'F4-A8-0D-9A-X2-7D', '', 1, 163),
(164, 'LENOVO', 'THINKPAD L14 GEN 3 AMD', 'PW061Q9S', 'B299IEME8777C01', 'F4-A8-0D-BC-X3-9F', '', 1, 164),
(165, 'LENOVO', 'THINKPAD L14 GEN 3 AMD', 'PW06BV5Z', 'B299MANM763IC01', 'F4-A8-0D-DE-X4-B1', '', 1, 165),
(166, 'LENOVO', 'THINKPAD L14 GEN 3 AMD', 'PW06BVZF', 'B299CADS864SC01', 'F4-A8-0D-F0-X5-D3', '', 1, 166),
(167, 'LENOVO', 'THINKPAD L14 GEN 3 AMD', 'PW06BFFZ', 'B299MALE796KC01', 'F4-A8-0D-12-X6-F5', '', 1, 167),
(168, 'LENOVO', 'THINKPAD L14 GEN 3 AMD', 'PW061PYQ', 'B299CURJ948OC01', 'F4-A8-0D-34-X7-17', '', 1, 168),
(169, 'LENOVO', 'THINKPAD L14 GEN 3 AMD', 'PW0626VW', 'B299PEVM81C6C01', 'F4-A8-0D-56-X8-39', '', 1, 169),
(170, 'LENOVO', 'THINKPAD L14 GEN 3 AMD', 'PW06BWKH', 'B299FUAJ6133C01', 'F4-A8-0D-78-X9-5B', '', 1, 170),
(171, 'LENOVO', 'THINKPAD L14 GEN 3 AMD', 'PW061Q3N', 'B299MEGG729GC01', 'F4-A8-0D-9A-0A-7D', '', 1, 171),
(172, 'LENOVO', 'THINKPAD L14 GEN 3 AMD', 'PW06BW24', 'B299HEBJ813HC01', 'F4-A8-0D-BC-0B-9F', '', 1, 172),
(173, 'LENOVO', 'THINKPAD L14 GEN 3 AMD', 'PW061NMR', 'B299RECA8931C01', 'F4-A8-0D-DE-0C-B1', '', 1, 173),
(174, 'LENOVO', 'THINKPAD L14 GEN 3 AMD', 'PW061Q26', 'B299FEME728IC01', 'F4-A8-0D-F0-0B-D3', '', 1, 174),
(175, 'LENOVO', 'THINKPAD L14 GEN 3 AMD', 'PW0638AZ', 'B299OELJ847RC01', 'F4-A8-0D-12-0E-F5', '', 1, 175),
(176, 'LENOVO', 'THINKPAD L14 GEN 3 AMD', 'PW061NGG', 'B299NIML792GC01', 'F4-A8-0D-34-0F-17', '', 1, 176),
(177, 'LENOVO', 'THINKPAD L14 GEN 3 AMD', 'PW063FED', 'B299GUSK826IC01', 'F4-A8-0D-56-0G-39', '', 1, 177),
(178, 'LENOVO', 'THINKPAD L14 GEN 3 AMD', 'PW061NFP', 'B299LOIO87CCC01', 'F4-A8-0D-78-0H-5B', '', 1, 178),
(179, 'LENOVO', 'THINKPAD L14 GEN 3 AMD', 'PW06BE18', 'B299AATA9688C01', 'F4-A8-0D-9A-0I-7D', '', 1, 179),
(180, 'LENOVO', 'THINKPAD L14 GEN 3 AMD', 'PW061MC8', 'B299GOBJ856NC01', 'F4-A8-0D-BC-0J-9F', '', 1, 180),
(181, 'LENOVO', 'THINKPAD L14 GEN 3 AMD', 'PW062TV8', 'B299GAGJ958DC01', 'F4-A8-0D-DE-WS-B1', '', 1, 181),
(182, 'LENOVO', 'THINKPAD L14 GEN 3 AMD', 'PW061Q64', 'B299RUGM969NC01', 'F4-A8-0D-F0-SD-D3', '', 1, 182),
(183, 'LENOVO', 'THINKPAD L14 GEN 3 AMD', 'PW06BRCW', 'B299ZIAD9591C01', 'F4-A8-0D-12-FR-F5', '', 1, 183),
(184, 'LENOVO', 'THINKPAD L14 GEN 3 AMD', 'PW061P71', 'B299CACV9593C01', 'F4-A8-0D-34-5R-17', '', 1, 184),
(185, 'LENOVO', 'THINKPAD L14 GEN 3 AMD', 'PW061PBC', 'B299RIGR95CFC01', 'F4-A8-0D-56-Y7-39', '', 1, 185),
(186, 'LENOVO', 'THINKPAD L14 GEN 3 AMD', 'PW061PX9', 'B299IAGM63A8C01', 'F4-A8-0D-78-GF-5B', '', 1, 186),
(187, 'LENOVO', 'THINKPAD L14 GEN 3 AMD', 'PW06BRST', 'B299AAMF9012C01', 'F4-A8-0D-9A-TG-7D', '', 1, 187),
(188, 'LENOVO', 'THINKPAD L14 GEN 3 AMD', 'PW0636JR', 'B299GAJO9934C01', 'F4-A8-0D-AA-23-9F', '', 1, 188),
(189, 'LENOVO', 'THINKPAD L14 GEN 3 AMD', 'PW061NZS', 'B299BEAJ995CC01', 'F4-A8-0D-BB-45-B1', '', 1, 189),
(190, 'LENOVO', 'THINKPAD L14 GEN 3 AMD', 'PW061PTH', 'B299GAGH745CC01', 'F4-A8-0D-CC-67-D3', '', 1, 190),
(191, 'LENOVO', 'THINKPAD L14 GEN 3 AMD', 'PW0626VN', 'B299PECS972OC01', 'F4-A8-0D-DD-89-F5', '', 1, 191),
(192, 'LENOVO', 'THINKPAD L14 GEN 3 AMD', 'PW06BRE1', 'B299LUFA681FC01', 'F4-A8-0D-EE-AB-17', '', 1, 192),
(193, 'LENOVO', 'THINKPAD L14 GEN 3 AMD', 'PW062TTJ', 'B299MIVJ829PC01', 'F4-A8-0D-FF-CD-39', '', 1, 193),
(194, 'LENOVO', 'THINKPAD L14 GEN 3 AMD', 'PW06BWJS', 'B299AIBI94CPC01', 'F4-A8-0D-GG-EF-5B', '', 1, 194),
(195, 'LENOVO', 'THINKPAD L14 GEN 3 AMD', 'PW061NFW', 'B299TOSK9289C01', 'F4-A8-0D-HH-01-7D', '', 1, 195),
(196, 'LENOVO', 'THINKPAD L14 GEN 3 AMD', 'PW061P3B', 'B299EASG89BKC01', 'F4-A8-0D-II-23-9F', '', 1, 196),
(197, 'LENOVO', 'THINKPAD L14 GEN 3 AMD', 'PW061NGZ', 'B299HEBJ803BC01', 'F4-A8-0D-JJ-45-B1', '', 1, 197),
(198, 'LENOVO', 'THINKPAD L14 GEN 3 AMD', 'PW061MBX', 'B299SAMC886UC01', 'F4-A8-0D-KK-67-D3', '', 1, 198),
(199, 'LENOVO', 'THINKPAD L14 GEN 3 AMD', 'PW0633Y1', 'B299MACA981PC01', 'F4-A8-0D-LL-89-F5', '', 1, 199),
(200, 'LENOVO', 'THINKPAD L14 GEN 3 AMD', 'PW0637DV', 'B299OIEA0164C01', 'F4-A8-0D-MM-AB-17', '', 1, 200),
(201, 'LENOVO', 'THINKPAD L14 GEN 3 AMD', 'PW0633LR', 'B299AIGE95CNC01', 'F4-A8-0D-NN-CD-39', '', 1, 201),
(202, 'LENOVO', 'THINKPAD L14 GEN 3 AMD', 'PW0633HS', 'B299EISA9992C01', 'F4-A8-0D-OO-EF-5B', '', 1, 202),
(203, 'LENOVO', 'THINKPAD L14 GEN 3 AMD', 'PW061Q5Y', 'B299CAFC951EC01', 'F4-A8-0D-PP-01-7D', '', 1, 203),
(204, 'LENOVO', 'THINKPAD L14 GEN 3 AMD', 'PW06BVZL', 'B299VAPO71CAC01', 'F4-A8-0D-QQ-23-9F', '', 1, 204),
(205, 'LENOVO', 'THINKPAD L14 GEN 3 AMD', 'PW061K4L5', 'B299MIMA984NC01', 'F4-A8-0D-RR-45-B1', '', 2, 205),
(206, 'LENOVO', 'THINKPAD L14 GEN 3 AMD', 'PW061M6N7', 'B299CASR988NC01', 'F4-A8-0D-SS-67-D3', '', 2, 206),
(207, 'LENOVO', 'THINKPAD L14 GEN 3 AMD', 'PW061O8P9', 'B299TOBI991AC01', 'F4-A8-0D-TT-89-F5', '', 2, 207),
(208, 'LENOVO', 'THINKPAD L14 GEN 3 AMD', 'PW06BE8J', 'B299LOAR728UC01', 'F4-A8-0D-UU-AB-17', '', 1, 208),
(209, 'LENOVO', 'THINKPAD L14 GEN 3 AMD', 'PW06BRJF', 'B299ROGV81AHC01', 'F4-A8-0D-VV-CD-39', '', 1, 209),
(210, 'LENOVO', 'THINKPAD L14 GEN 3 AMD', 'PW061MVR', 'B299SALN743JC01', 'F4-A8-0D-WW-EF-5B', '', 1, 210),
(211, 'LENOVO', 'THINKPAD L14 GEN 3 AMD', 'PW061MTQ', 'B299RAGA8899C01', 'F4-A8-0D-XX-01-7D', '', 2, 211),
(212, 'LENOVO', 'THINKPAD L14 GEN 3 AMD', 'PW063FKP', 'B299AACD962DC01', 'F4-A8-0D-YY-23-9F', '', 1, 212),
(213, 'LENOVO', 'THINKPAD L14 GEN 3 AMD', 'PW06BRAD', 'B299GAMZ952JC01', 'F4-A8-0D-ZZ-45-B1', '', 1, 213),
(214, 'LENOVO', 'THINKPAD L14 GEN 3 AMD', 'PW0627W5', 'B299PAMP902JC01', 'F4-A8-0D-11-67-D3', '', 1, 214),
(215, 'LENOVO', 'THINKPAD L14 GEN 3 AMD', 'PW0637LH', 'B299PECA005QC01', 'F4-A8-0D-22-89-F5', '', 1, 215),
(216, 'LENOVO', 'THINKPAD L14 GEN 3 AMD', 'PW063V0S', 'B299AALG91BBC01', 'F4-A8-0D-33-AB-17', '', 1, 216),
(217, 'LENOVO', 'THINKPAD L14 GEN 3 AMD', 'PW061NG1', 'B299MACR7715C01', 'F4-A8-0D-44-CD-39', '', 1, 217),
(218, 'LENOVO', 'THINKPAD L14 GEN 3 AMD', 'PW0633KS', 'B299GOJC704SC01', 'F4-A8-0D-55-EF-5B', '', 1, 218),
(219, 'LENOVO', 'THINKPAD L14 GEN 3 AMD', 'PW061MDY', 'B299MEGD985CC01', 'F4-A8-0D-66-01-7D', '', 1, 219),
(220, 'LENOVO', 'THINKPAD L14 GEN 3 AMD', 'PW0633KV', 'B299LOOJ983EC01', 'F4-A8-0D-77-23-9F', '', 1, 220),
(221, 'LENOVO', 'THINKPAD L14 GEN 3 AMD', 'PW061NGC', 'B299NARE598MC01', 'F4-A8-0D-88-45-B1', '', 1, 221),
(222, 'LENOVO', 'THINKPAD L14 GEN 3 AMD', 'PW063BG1', 'B299OECJ7868C01', 'F4-A8-0D-99-67-D3', '', 1, 222),
(223, 'LENOVO', 'THINKPAD L14 GEN 3 AMD', 'PW0627VS', 'B299CECR0091C01', 'F4-A8-0D-1A-89-F5', '', 1, 223),
(224, 'LENOVO', 'THINKPAD L14 GEN 3 AMD', 'PW063G0K', 'B299SOGJ9328C01', 'F4-A8-0D-1B-AB-17', '', 1, 224),
(225, 'LENOVO', 'THINKPAD L14 GEN 3 AMD', 'PW061Q0M', 'B299OEAA718UC01', 'F4-A8-0D-1C-CD-39', '', 1, 225),
(226, 'LENOVO', 'THINKPAD L14 GEN 3 AMD', 'PW061Q32', 'B299VECE727MC01', 'F4-A8-0D-1D-EF-5B', '', 1, 226),
(227, 'LENOVO', 'THINKPAD L14 GEN 3 AMD', 'PW061MBR', 'B299HELE9361C01', 'F4-A8-0D-1E-01-7D', '', 1, 227),
(228, 'LENOVO', 'THINKPAD L14 GEN 3 AMD', 'PW061MRZ', 'B299MERI6778C01', 'F4-A8-0D-1F-23-9F', '', 1, 228),
(229, 'LENOVO', 'THINKPAD L14 GEN 3 AMD', 'PW061NG6', 'B299EERP9147C01', 'F4-A8-0D-1G-45-B1', '', 1, 229),
(230, 'LENOVO', 'THINKPAD L14 GEN 3 AMD', 'PW061MTG', 'B299NIAM685EC01', 'F4-A8-0D-1H-67-D3', '', 1, 230),
(231, 'LENOVO', 'THINKPAD L14 GEN 3 AMD', 'PW061Q48', 'B299VAVL81CUC01', 'F4-A8-0D-1I-89-F5', '', 1, 231),
(232, 'LENOVO', 'THINKPAD L14 GEN 3 AMD', 'PW0626W9', 'B299RORM832QC01', 'F4-A8-0D-1J-AB-17', '', 1, 232),
(233, 'LENOVO', 'THINKPAD L14 GEN 3 AMD', 'PW0633XD', 'B299DITO875FC01', 'F4-A8-0D-1K-CD-39', '', 1, 233),
(234, 'LENOVO', 'THINKPAD L14 GEN 3 AMD', 'PW0638SW', 'B299IARM706AC01', 'F4-A8-0D-1L-EF-5B', '', 1, 234),
(235, 'LENOVO', 'THINKPAD L14 GEN 3 AMD', 'PW06BWGG', 'B299CAGD879GC01', 'F4-A8-0D-1M-01-7D', '', 1, 235),
(236, 'LENOVO', 'THINKPAD L14 GEN 3 AMD', 'PW061N3C', 'B299NIAR728RC01', 'F4-A8-0D-1N-23-9F', '', 1, 236),
(237, 'LENOVO', 'THINKPAD L14 GEN 3 AMD', 'PW06BWCE', 'B299GAPR911FC01', 'F4-A8-0D-1O-45-B1', '', 1, 237),
(238, 'LENOVO', 'THINKPAD L14 GEN 3 AMD', 'PW061MHV', 'B299SAME783OC01', 'F4-A8-0D-1P-67-D3', '', 1, 238),
(239, 'LENOVO', 'THINKPAD L14 GEN 3 AMD', 'PW061Q5S', 'B299UAPR679AC01', 'F4-A8-0D-1Q-89-F5', '', 1, 239),
(240, 'LENOVO', 'THINKPAD L14 GEN 3 AMD', 'PW061NG2', 'B299CUBM6884C01', 'F4-A8-0D-1R-AB-17', '', 1, 240),
(241, 'LENOVO', 'THINKPAD L14 GEN 3 AMD', 'PW061PXB', 'B299AALS71AAC01', 'F4-A8-0D-1S-CD-39', '', 1, 241),
(242, 'LENOVO', 'THINKPAD L14 GEN 3 AMD', 'PW06BFBK', 'B299GACL918PC01', 'F4-A8-0D-1T-EF-5B', '', 1, 242),
(243, 'LENOVO', 'THINKPAD L14 GEN 3 AMD', 'PW06BTMH', 'B299AOGK9593C01', 'F4-A8-0D-1U-01-7D', '', 1, 243),
(244, 'LENOVO', 'THINKPAD L14 GEN 3 AMD', 'PW061NNW', 'B299HUAA941HC01', 'F4-A8-0D-1V-23-9F', '', 1, 244),
(245, 'LENOVO', 'THINKPAD L14 GEN 3 AMD', 'PW061MHE', 'B299HEMA9051C01', 'F4-A8-0D-1W-45-B1', '', 1, 245),
(246, 'LENOVO', 'THINKPAD L14 GEN 3 AMD', 'PW06BTGD', 'B299PAGZ937EC01', 'F4-A8-0D-1X-67-D3', '', 1, 246),
(247, 'LENOVO', 'THINKPAD L14 GEN 3 AMD', 'PW06BX9B', 'B299AALJ86ASC01', 'F4-A8-0D-1Y-89-F5', '', 1, 247),
(248, 'LENOVO', 'THINKPAD L14 GEN 3 AMD', 'PW061P08', 'B299GACF7351C01', 'F4-A8-0D-1Z-AB-17', '', 1, 248),
(249, 'LENOVO', 'THINKPAD L14 GEN 3 AMD', 'PW061MBG', 'B299GOMY777OC01', 'F4-A8-0D-56-1A-39', '', 1, 249),
(250, 'LENOVO', 'THINKPAD L14 GEN 3 AMD', 'PW06BVD1', 'B299VABL963BC01', 'F4-A8-0D-78-1B-5B', '', 1, 250),
(251, 'LENOVO', 'THINKPAD L14 GEN 3 AMD', 'PW06BW2C', 'B299RUPO801IC01', 'F4-A8-0D-9A-1C-7D', '', 1, 251),
(252, 'LENOVO', 'THINKPAD L14 GEN 3 AMD', 'PW061P9Q0', 'B299CARG687BC01', 'F4-A8-0D-BC-1D-9F', '', 2, 252),
(253, 'LENOVO', 'THINKPAD L14 GEN 3 AMD', 'PW061NH1', 'B299JOAR946JC01', 'F4-A8-0D-DE-1E-B1', '', 1, 253),
(254, 'LENOVO', 'THINKPAD L14 GEN 3 AMD', 'PW061Q3K', 'B299TOCN62CHC01', 'F4-A8-0D-F0-1F-D3', '', 1, 254),
(255, 'LENOVO', 'THINKPAD L14 GEN 3 AMD', 'PW063F17', 'B299LOJM987LC01', 'F4-A8-0D-12-1G-F5', '', 1, 255),
(256, 'LENOVO', 'THINKPAD L14 GEN 3 AMD', 'PW061R2S3', 'B299LOZY887CC01', 'F4-A8-0D-34-1H-17', '', 2, 256),
(257, 'LENOVO', 'THINKPAD L14 GEN 3 AMD', 'PW0626XC', 'B299SAZC698KC01', 'F4-A8-0D-56-1I-39', '', 1, 257),
(258, 'LENOVO', 'THINKPAD L14 GEN 3 AMD', 'PW06BFGW', 'B299AEAG836KC01', 'F4-A8-0D-78-1J-5B', '', 1, 258),
(259, 'LENOVO', 'THINKPAD L14 GEN 3 AMD', 'PW06CH9S', 'B299RIHS9569C01', 'F4-A8-0D-9A-1K-7D', '', 1, 259),
(260, 'LENOVO', 'THINKPAD L14 GEN 3 AMD', 'PW062Z08', 'B299OUGP00CCC01', 'F4-A8-0D-BC-1L-9F', '', 1, 260),
(261, 'LENOVO', 'THINKPAD L14 GEN 3 AMD', 'PW06BRA8', 'B299SASE87C7C01', 'F4-A8-0D-DE-1M-B1', '', 1, 261),
(262, 'LENOVO', 'THINKPAD L14 GEN 3 AMD', 'PW063E6K', 'B299SAGV9077C01', 'F4-A8-0D-F0-1N-D3', '', 1, 262),
(263, 'LENOVO', 'THINKPAD L14 GEN 3 AMD', 'PW061NQQ', 'B299CAEB71A5C01', 'F4-A8-0D-12-1O-F5', '', 1, 263),
(264, 'LENOVO', 'THINKPAD L14 GEN 3 AMD', 'PW061PTV', 'B299ZASB8366C01', 'F4-A8-0D-34-1P-17', '', 1, 264),
(265, 'LENOVO', 'THINKPAD L14 GEN 3 AMD', 'PW061T4U5', 'B299CAGD96A7C01', 'F4-A8-0D-56-1Q-39', '', 2, 265),
(266, 'LENOVO', 'THINKPAD L14 GEN 3 AMD', 'PW061ME0', 'B299ROPI728CC01', 'F4-A8-0D-78-1R-5B', '', 1, 266),
(267, 'LENOVO', 'THINKPAD L14 GEN 3 AMD', 'PW061Q25', 'B299RATE925HC01', 'F4-A8-0D-9A-1S-7D', '', 1, 267),
(268, 'LENOVO', 'THINKPAD L14 GEN 3 AMD', 'PW062XT8', 'B299HEMA915EC01', 'F4-A8-0D-BC-1T-9F', '', 1, 268),
(269, 'LENOVO', 'THINKPAD L14 GEN 3 AMD', 'PW06BEAS', 'B299CUCA01CIC01', 'F4-A8-0D-DE-1U-B1', '', 1, 269),
(270, 'LENOVO', 'THINKPAD L14 GEN 3 AMD', 'PW061QEH', 'B299ROSX6847C01', 'F4-A8-0D-F0-1V-D3', '', 1, 270),
(271, 'LENOVO', 'THINKPAD L14 GEN 3 AMD', 'PW06BWVC', 'B299HODM99BQC01', 'F4-A8-0D-12-1W-F5', '', 1, 271),
(272, 'LENOVO', 'THINKPAD L14 GEN 3 AMD', 'PW061NKW', 'B299OIAC00AMC01', 'F4-A8-0D-34-1X-17', '', 1, 272),
(273, 'LENOVO', 'THINKPAD L14 GEN 3 AMD', 'PW061QJ4', 'B299LOMJ947IC01', 'F4-A8-0D-56-1Y-39', '', 1, 273),
(274, 'LENOVO', 'THINKPAD L14 GEN 3 AMD', 'PW061PV2', 'B299CAMR961AC01', 'F4-A8-0D-78-1Z-5B', '', 1, 274),
(275, 'LENOVO', 'THINKPAD L14 GEN 3 AMD', 'PW061NJ7', 'B299VAVD942MC01', 'F4-A8-0D-3A-01-7D', '', 1, 275),
(276, 'LENOVO', 'THINKPAD L14 GEN 3 AMD', 'PW062YVH', 'B299MAVL701AC01', 'F4-A8-0D-3B-23-9F', '', 1, 276),
(277, 'LENOVO', 'THINKPAD L14 GEN 3 AMD', 'PW062XJK', 'B299SAFA991AC01', 'F4-A8-0D-3C-45-B1', '', 1, 277),
(278, 'LENOVO', 'THINKPAD L14 GEN 3 AMD', 'PW06BRMP', 'B299HEJB8877C01', 'F4-A8-0D-3D-67-D3', '', 1, 278),
(279, 'LENOVO', 'THINKPAD L14 GEN 3 AMD', 'PW061PVL', 'B299ROAA919HC01', 'F4-A8-0D-3E-89-F5', '', 1, 279),
(280, 'LENOVO', 'THINKPAD L14 GEN 3 AMD', 'PW06CHTG', 'B299REFD7142C01', 'F4-A8-0D-3F-AB-17', '', 1, 280),
(281, 'LENOVO', 'THINKPAD L14 GEN 3 AMD', 'PW061NWN', 'B299JIRD67AIC01', 'F4-A8-0D-3G-CD-39', '', 1, 281),
(282, 'LENOVO', 'THINKPAD L14 GEN 3 AMD', 'PW063FTX', 'B299MOHO6414C01', 'F4-A8-0D-3H-EF-5B', '', 1, 282),
(283, 'LENOVO', 'THINKPAD L14 GEN 3 AMD', 'PW061ME2', 'B299SAAC6889C01', 'F4-A8-0D-3I-01-7D', '', 1, 283),
(284, 'LENOVO', 'THINKPAD L14 GEN 3 AMD', 'PW061U6V7', 'B299AEMA92C2C01', 'F4-A8-0D-3J-23-9F', '', 2, 284),
(285, 'LENOVO', 'THINKPAD L14 GEN 3 AMD', 'PW063V8X', 'B299MARC755FC01', 'F4-A8-0D-3K-45-B1', '', 1, 285),
(286, 'LENOVO', 'THINKPAD L14 GEN 3 AMD', 'PW062YH9', 'B299COHU986LC01', 'F4-A8-0D-3L-67-D3', '', 1, 286),
(287, 'LENOVO', 'THINKPAD L14 GEN 3 AMD', 'PW0627E0', 'B299LOHE884FC01', 'F4-A8-0D-3M-89-F5', '', 1, 287),
(288, 'LENOVO', 'THINKPAD L14 GEN 3 AMD', 'PW061PX3', 'B299PEMG72CIC01', 'F4-A8-0D-3N-AB-17', '', 1, 288),
(289, 'LENOVO', 'THINKPAD L14 GEN 3 AMD', 'PW061P29', 'B299RACN73BDC01', 'F4-A8-0D-3O-CD-39', '', 1, 289),
(290, 'LENOVO', 'THINKPAD L14 GEN 3 AMD', 'PW0627WL', 'B299VEVB993SC01', 'F4-A8-0D-3P-EF-5B', '', 1, 290),
(291, 'LENOVO', 'THINKPAD L14 GEN 3 AMD', 'PW06BVPM', 'B299VARC96ACC01', 'F4-A8-0D-3Q-01-HZ', '', 1, 291),
(292, 'LENOVO', 'THINKPAD L14 GEN 3 AMD', 'PW061W8X9', 'B299RABJ918TC01', 'F4-A8-0D-3R-23-HY', '', 2, 292),
(293, 'LENOVO', 'THINKPAD L14 GEN 3 AMD', 'PW061Y0Z1', 'B299HELA952IC01', 'F4-A8-0D-3S-45-HX', '', 2, 293),
(294, 'LENOVO', 'THINKPAD L14 GEN 3 AMD', 'PW061MCL', 'B299REST8383C01', 'F4-A8-0D-3T-67-HW', '', 1, 294),
(295, 'LENOVO', 'THINKPAD L14 GEN 3 AMD', 'PW062729', 'B299MELR98AMC01', 'F4-A8-0D-3U-89-HV', '', 1, 295),
(296, 'LENOVO', 'THINKPAD L14 GEN 3 AMD', 'PW063BXZ', 'B299MAVC74C2C01', 'F4-A8-0D-3V-AB-HU', '', 1, 296),
(297, 'LENOVO', 'THINKPAD L14 GEN 3 AMD', 'PW061Q14', 'B299MOGE76CNC01', 'F4-A8-0D-3W-CD-HT', '', 1, 297),
(298, 'LENOVO', 'THINKPAD L14 GEN 3 AMD', 'PW062YGG', 'B299VELA7255C01', 'F4-A8-0D-3X-EF-HS', '', 1, 298),
(299, 'LENOVO', 'THINKPAD L14 GEN 3 AMD', 'PW06BRJ1', 'B299ROMK959FC01', 'F4-A8-0D-3X-01-HR', '', 1, 299),
(300, 'LENOVO', 'THINKPAD L14 GEN 3 AMD', 'PW063BEL', 'B299ZAOA795UC01', 'F4-A8-0D-3Z-23-HQ', '', 1, 300),
(301, 'LENOVO', 'THINKPAD L14 GEN 3 AMD', 'PW061PWE', 'B299JIGA737UC01', 'F4-A8-0D-DE-45-HP', '', 1, 301),
(302, 'LENOVO', 'THINKPAD L14 GEN 3 AMD', 'PW061Z2A3', 'B299HESG86A6C01', 'F4-A8-0D-F0-67-HO', '', 2, 302),
(303, 'LENOVO', 'THINKPAD L14 GEN 3 AMD', 'PW061Q21', 'B299FOOE745AC01', 'F4-A8-0D-12-89-HN', '', 1, 303),
(304, 'LENOVO', 'THINKPAD L14 GEN 3 AMD', 'PW0E6M3N', 'B299VAMC9577C01', 'F4-A8-0D-34-AB-HM', '', 1, 304),
(305, 'LENOVO', 'THINKPAD L14 GEN 3 AMD', 'PW061PWY', 'B299ROOR95AUC01', 'F4-A8-0D-56-CD-HL', '', 1, 305),
(306, 'LENOVO', 'THINKPAD L14 GEN 3 AMD', 'PW061NG5', 'B299PAMA851LC01', 'F4-A8-0D-78-EF-HK', '', 1, 306),
(307, 'LENOVO', 'THINKPAD L14 GEN 3 AMD', 'PW061P0M', 'B299AUGH811NC01', 'F4-A8-0D-9A-01-HJ', '', 1, 307),
(308, 'LENOVO', 'THINKPAD L14 GEN 3 AMD', 'PW062YH6', 'B299UELL978NC01', 'F4-A8-0D-BC-23-HI', '', 1, 308),
(309, 'LENOVO', 'THINKPAD L14 GEN 3 AMD', 'PW061Q3X', 'B299CABC702FC01', 'F4-A8-0D-DE-45-HH', '', 1, 309),
(310, 'LENOVO', 'THINKPAD L14 GEN 3 AMD', 'PW061PZD', 'B299OIDL90ABC01', 'F4-A8-0D-F0-67-HG', '', 1, 310),
(311, 'LENOVO', 'THINKPAD L14 GEN 3 AMD', 'PW062XKN', 'B299AIBB75A3C01', 'F4-A8-0D-12-89-HF', '', 1, 311),
(312, 'LENOVO', 'THINKPAD L14 GEN 3 AMD', 'PW061MC1', 'B299MEFZ92AQC01', 'F4-A8-0D-34-AB-HE', '', 1, 312),
(313, 'LENOVO', 'THINKPAD L14 GEN 3 AMD', 'PW061A4B5', 'B299LAGM746TC01', 'F4-A8-0D-56-CD-HD', '', 1, 313),
(314, 'LENOVO', 'THINKPAD L14 GEN 3 AMD', 'PW061Q65', 'B299TERD716EC01', 'F4-A8-0D-78-EF-HC', '', 1, 314),
(315, 'LENOVO', 'THINKPAD L14 GEN 3 AMD', 'PW0633ZN', 'B299RIRS721KC01', 'F4-A8-0D-9A-01-HB', '', 1, 315),
(316, 'LENOVO', 'THINKPAD L14 GEN 3 AMD', 'PW06BRT7', 'B299GAJC6379C01', 'F4-A8-0D-BC-23-HA', '', 1, 316),
(317, 'LENOVO', 'THINKPAD L14 GEN 3 AMD', 'PW0626XP', 'B299UEMK8844C01', 'F4-A8-0D-DE-45-U9', '', 1, 317),
(318, 'LENOVO', 'THINKPAD L14 GEN 3 AMD', 'PW0E8J5D', 'B299COCJ9873C01', 'F4-A8-0D-F0-67-U8', '', 1, 318),
(319, 'LENOVO', 'THINKPAD L14 GEN 3 AMD', 'PW061Q5A', 'B299SACA91BAC01', 'F4-A8-0D-12-89-U7', '', 1, 319),
(320, 'LENOVO', 'THINKPAD L14 GEN 3 AMD', 'PW061PX5', 'B299REGE70ANC01', 'F4-A8-0D-34-AB-U6', '', 1, 320),
(321, 'LENOVO', 'THINKPAD L14 GEN 3 AMD', 'PW061B6C7', 'B299CURR996HC01', 'F4-A8-0D-56-CD-U5', '', 2, 321),
(322, 'LENOVO', 'THINKPAD L14 GEN 3 AMD', 'PW061D8E9', 'B299REML86BHC01', 'F4-A8-0D-78-EF-U4', '', 2, 322),
(323, 'LENOVO', 'THINKPAD L14 GEN 3 AMD', 'PW061P0P', 'B299CARL9364C01', 'F4-A8-0D-9A-01-U3', '', 1, 323),
(324, 'LENOVO', 'THINKPAD L14 GEN 3 AMD', 'PW061PRY', 'B299RIAB921QC01', 'F4-A8-0D-BC-23-U2', '', 1, 324),
(325, 'LENOVO', 'THINKPAD L14 GEN 3 AMD', 'PW0626W6', 'B299OEDL81A5C01', 'F4-A8-0D-DE-45-U1', '', 1, 325),
(326, 'LENOVO', 'THINKPAD L14 GEN 3 AMD', 'PW0626RV', 'B299ROGA894QC01', 'F4-A8-0D-F0-67-H9', '', 1, 326),
(327, 'LENOVO', 'THINKPAD L14 GEN 3 AMD', 'PW061PRZ', 'B299VIPD952SC01', 'F4-A8-0D-12-89-H8', '', 1, 327),
(328, 'LENOVO', 'THINKPAD L14 GEN 3 AMD', 'PW061NLP', 'B299BEHJ6196C01', 'F4-A8-0D-34-AB-H7', '', 1, 328),
(329, 'LENOVO', 'THINKPAD L14 GEN 3 AMD', 'PW061M8H', 'B299PIMD9461C01', 'F4-A8-0D-56-CD-H6', '', 1, 329),
(330, 'LENOVO', 'THINKPAD L14 GEN 3 AMD', 'PW061Q1H', 'B299MERT739PC01', 'F4-A8-0D-78-EF-H5', '', 1, 330),
(331, 'LENOVO', 'THINKPAD L14 GEN 3 AMD', 'PW061Q9Z', 'B299HESL978IC01', 'F4-A8-0D-9A-01-H4', '', 1, 331),
(332, 'LENOVO', 'THINKPAD L14 GEN 3 AMD', 'PW061F0G1', 'B299PEAJ803HC01', 'F4-A8-0D-BC-23-H3', '', 2, 332),
(333, 'LENOVO', 'THINKPAD L14 GEN 3 AMD', 'PW06BFDX', 'B299GOCE949HC01', 'F4-A8-0D-DE-45-H2', '', 1, 333),
(334, 'LENOVO', 'THINKPAD L14 GEN 3 AMD', 'PW061PXX', 'B299ROPT926TC01', 'F4-A8-0D-F0-67-H1', '', 1, 334),
(335, 'LENOVO', 'THINKPAD L14 GEN 3 AMD', 'PW061Q03', 'B299DIRC836DC01', 'F4-A8-0D-12-89-ZZ', '', 1, 335),
(336, 'LENOVO', 'THINKPAD L14 GEN 3 AMD', 'PW061Q2Y', 'B299GONG7303C01', 'F4-A8-0D-34-AB-ZY', '', 1, 336),
(337, 'LENOVO', 'THINKPAD L14 GEN 3 AMD', 'PW061NQD', 'B299LORL776SC01', 'F4-A8-0D-56-CD-ZX', '', 1, 337),
(338, 'LENOVO', 'THINKPAD L14 GEN 3 AMD', 'PW061NZG', 'B299RUHF62C9C01', 'F4-A8-0D-78-EF-ZW', '', 1, 338),
(339, 'LENOVO', 'THINKPAD L14 GEN 3 AMD', 'PW061MAM', 'B299MEPA977FC01', 'F4-A8-0D-9A-01-ZV', '', 1, 339),
(340, 'LENOVO', 'THINKPAD L14 GEN 3 AMD', 'PW062TVQ', 'B299EARG798BC01', 'F4-A8-0D-BC-23-ZU', '', 1, 340),
(341, 'LENOVO', 'THINKPAD L14 GEN 3 AMD', 'PW06Q2S8', 'B299OOTL84C1C01', 'F4-A8-0D-DE-45-ZT', '', 1, 341),
(342, 'LENOVO', 'THINKPAD L14 GEN 3 AMD', 'PW065F84', 'B299MODM939JC01', 'F4-A8-0D-F0-67-ZS', '', 1, 342),
(343, 'LENOVO', 'THINKPAD L14 GEN 3 AMD', 'PW062YBK', 'B299PEOE726LC01', 'F4-A8-0D-12-89-ZR', '', 1, 343),
(344, 'LENOVO', 'THINKPAD L14 GEN 3 AMD', 'PW062YBR', 'B299PARI634MC01', 'F4-A8-0D-34-AB-ZQ', '', 1, 344),
(345, 'LENOVO', 'THINKPAD L14 GEN 3 AMD', 'PW062818', 'B299AIGM987BC01', 'F4-A8-0D-56-CD-ZP', '', 1, 345),
(346, 'LENOVO', 'THINKPAD L14 GEN 3 AMD', 'PW061P1L', 'B299BEMD97AQC01', 'F4-A8-0D-78-EF-ZO', '', 1, 346),
(347, 'LENOVO', 'THINKPAD L14 GEN 3 AMD', 'PW061NG9', 'B299AACK775HC01', 'F4-A8-0D-9A-01-ZN', '', 1, 347),
(348, 'LENOVO', 'THINKPAD L14 GEN 3 AMD', 'PW063BN5', 'B299JAVK0072C01', 'F4-A8-0D-BC-23-ZM', '', 1, 348),
(349, 'LENOVO', 'THINKPAD L14 GEN 3 AMD', 'PW061G2H3', 'B299HGSA86AOC01', 'F4-A8-0D-DE-45-ZL', '', 2, 349),
(350, 'LENOVO', 'THINKPAD L14 GEN 3 AMD', 'PW06BX6Q', 'B299MOCH953PC01', 'F4-A8-0D-F0-67-ZK', '', 1, 350),
(351, 'LENOVO', 'THINKPAD L14 GEN 3 AMD', 'PW062YGZ', 'B299OEMH833AC01', 'F4-A8-0D-12-89-ZJ', '', 1, 351),
(352, 'LENOVO', 'THINKPAD L14 GEN 3 AMD', 'PW06BVK3', 'B299RAJE741TC01', 'F4-A8-0D-34-AB-ZI', '', 1, 352),
(353, 'LENOVO', 'THINKPAD L14 GEN 3 AMD', 'PW061PYE', 'B299CURE8061C01', 'F4-A8-0D-56-CD-ZH', '', 1, 353),
(354, 'LENOVO', 'THINKPAD L14 GEN 3 AMD', 'PW063FZP', 'B299SACA7374C01', 'F4-A8-0D-78-EF-ZG', '', 1, 354),
(355, 'LENOVO', 'THINKPAD L14 GEN 3 AMD', 'PW061H4J5', 'B299VAFA6891C01', 'F4-A8-0D-9A-01-ZF', '', 2, 355),
(356, 'LENOVO', 'THINKPAD L14 GEN 3 AMD', 'PW061MGH', 'B299VETR8957C01', 'F4-A8-0D-BC-23-ZE', '', 1, 356),
(357, 'LENOVO', 'THINKPAD L14 GEN 3 AMD', 'PW063BG8', 'B299GAMJ552GC01', 'F4-A8-0D-DE-45-ZD', '', 1, 357),
(358, 'LENOVO', 'THINKPAD L14 GEN 3 AMD', 'PW061NX9', 'B299AEBM725VC01', 'F4-A8-0D-F0-67-ZC', '', 1, 358),
(359, 'LENOVO', 'THINKPAD L14 GEN 3 AMD', 'PW063BND', 'B299LUCS61C9C01', 'F4-A8-0D-12-89-ZB', '', 1, 359),
(360, 'LENOVO', 'THINKPAD L14 GEN 3 AMD', 'PW06BFAJ', 'B299EIOM9197C01', 'F4-A8-0D-34-AB-ZA', '', 1, 360);

-- --------------------------------------------------------

--
-- Estructura de tabla para la tabla `usuarios`
--

CREATE TABLE `usuarios` (
  `id` int(11) NOT NULL,
  `nombre` varchar(100) NOT NULL,
  `apellidos` varchar(100) NOT NULL,
  `rfc` varchar(20) NOT NULL,
  `rfc_corto` varchar(20) NOT NULL,
  `puesto` varchar(50) NOT NULL,
  `n_empleado` int(11) NOT NULL,
  `departamento` varchar(100) DEFAULT NULL,
  `activo` int(11) NOT NULL DEFAULT 1,
  `area` int(11) DEFAULT NULL,
  `equipo_computo` int(11) DEFAULT NULL
) ENGINE=InnoDB DEFAULT CHARSET=utf8mb4 COLLATE=utf8mb4_general_ci;

--
-- Índices para tablas volcadas
--

--
-- Indices de la tabla `areas`
--
ALTER TABLE `areas`
  ADD PRIMARY KEY (`id`);

--
-- Indices de la tabla `colaboradores`
--
ALTER TABLE `colaboradores`
  ADD PRIMARY KEY (`id`),
  ADD UNIQUE KEY `usuario` (`usuario`),
  ADD UNIQUE KEY `rfc` (`rfc`),
  ADD UNIQUE KEY `correo_electronico` (`correo_electronico`),
  ADD KEY `colaboradores_ibfk_1` (`area`);

--
-- Indices de la tabla `impresoras`
--
ALTER TABLE `impresoras`
  ADD PRIMARY KEY (`id`),
  ADD UNIQUE KEY `n_serie` (`n_serie`),
  ADD UNIQUE KEY `ip` (`ip`),
  ADD KEY `impresoras_ibfk_1` (`area`);

--
-- Indices de la tabla `ips`
--
ALTER TABLE `ips`
  ADD PRIMARY KEY (`id`),
  ADD UNIQUE KEY `ip` (`ip`);

--
-- Indices de la tabla `resguardos`
--
ALTER TABLE `resguardos`
  ADD PRIMARY KEY (`id`),
  ADD UNIQUE KEY `n_serie` (`n_serie`),
  ADD UNIQUE KEY `hostname` (`hostname`),
  ADD UNIQUE KEY `mac` (`mac`),
  ADD UNIQUE KEY `ip` (`ip`);

--
-- Indices de la tabla `usuarios`
--
ALTER TABLE `usuarios`
  ADD PRIMARY KEY (`id`),
  ADD UNIQUE KEY `rfc` (`rfc`),
  ADD UNIQUE KEY `n_empleado` (`n_empleado`),
  ADD UNIQUE KEY `equipo_computo` (`equipo_computo`),
  ADD UNIQUE KEY `area` (`area`);

--
-- AUTO_INCREMENT de las tablas volcadas
--

--
-- AUTO_INCREMENT de la tabla `areas`
--
ALTER TABLE `areas`
  MODIFY `id` int(11) NOT NULL AUTO_INCREMENT, AUTO_INCREMENT=5;

--
-- AUTO_INCREMENT de la tabla `colaboradores`
--
ALTER TABLE `colaboradores`
  MODIFY `id` int(11) NOT NULL AUTO_INCREMENT, AUTO_INCREMENT=4;

--
-- AUTO_INCREMENT de la tabla `impresoras`
--
ALTER TABLE `impresoras`
  MODIFY `id` int(11) NOT NULL AUTO_INCREMENT;

--
-- AUTO_INCREMENT de la tabla `ips`
--
ALTER TABLE `ips`
  MODIFY `id` int(11) NOT NULL AUTO_INCREMENT, AUTO_INCREMENT=361;

--
-- AUTO_INCREMENT de la tabla `resguardos`
--
ALTER TABLE `resguardos`
  MODIFY `id` int(11) NOT NULL AUTO_INCREMENT, AUTO_INCREMENT=361;

--
-- AUTO_INCREMENT de la tabla `usuarios`
--
ALTER TABLE `usuarios`
  MODIFY `id` int(11) NOT NULL AUTO_INCREMENT;

--
-- Restricciones para tablas volcadas
--

--
-- Filtros para la tabla `colaboradores`
--
ALTER TABLE `colaboradores`
  ADD CONSTRAINT `colaboradores_ibfk_1` FOREIGN KEY (`area`) REFERENCES `areas` (`id`) ON DELETE SET NULL ON UPDATE CASCADE;

--
-- Filtros para la tabla `impresoras`
--
ALTER TABLE `impresoras`
  ADD CONSTRAINT `impresoras_ibfk_1` FOREIGN KEY (`area`) REFERENCES `areas` (`id`) ON DELETE SET NULL ON UPDATE CASCADE;

--
-- Filtros para la tabla `resguardos`
--
ALTER TABLE `resguardos`
  ADD CONSTRAINT `resguardos_ibfk_1` FOREIGN KEY (`ip`) REFERENCES `ips` (`id`) ON DELETE SET NULL ON UPDATE CASCADE;

--
-- Filtros para la tabla `usuarios`
--
ALTER TABLE `usuarios`
  ADD CONSTRAINT `fk_usuarios_resguardos` FOREIGN KEY (`equipo_computo`) REFERENCES `resguardos` (`id`) ON DELETE SET NULL ON UPDATE CASCADE,
  ADD CONSTRAINT `usuarios_ibfk_1` FOREIGN KEY (`equipo_computo`) REFERENCES `resguardos` (`id`) ON DELETE SET NULL ON UPDATE CASCADE,
  ADD CONSTRAINT `usuarios_ibfk_2` FOREIGN KEY (`area`) REFERENCES `areas` (`id`) ON DELETE SET NULL ON UPDATE CASCADE;
COMMIT;

/*!40101 SET CHARACTER_SET_CLIENT=@OLD_CHARACTER_SET_CLIENT */;
/*!40101 SET CHARACTER_SET_RESULTS=@OLD_CHARACTER_SET_RESULTS */;
/*!40101 SET COLLATION_CONNECTION=@OLD_COLLATION_CONNECTION */;
